item,email,telephone,address,price,quantity,date
Chips - Miss Vickies,djanew0@deviantart.com,9577682313,30698 Banding Court,111,10,05/11/2023
Yoplait - Strawbrasp Peac,zheppner1@opera.com,4461762971,623 Jenifer Circle,8,2,02/05/2018
Tea - Lemon Green Tea,nballach2@is.gd,4544165456,36960 Glendale Park,54,3,17/02/2024
Ecolab - Ster Bac,rfippe3@google.com,7009549803,053 Independence Street,128,2,17/10/2021
Mushroom - Lg - Cello,fhabron4@list-manage.com,3679574854,13314 Dawn Place,67,6,28/02/2015
Cheese - Sheep Milk,hgettings5@squarespace.com,4014184939,0 Northwestern Point,63,4,05/03/2016
Potatoes - Yukon Gold 5 Oz,kgookey6@hao123.com,9864040867,7521 Mitchell Terrace,15,3,14/04/2023
Tea - Black Currant,kdumigan7@ovh.net,2556826309,053 Debs Point,136,5,09/10/2018
Cleaner - Comet,zstrelitzki8@google.com,6135476238,659 Sheridan Terrace,109,1,27/06/2023
Soup - Campbells - Chicken Noodle,jskentelbury9@miitbeian.gov.cn,4084267444,16772 Steensland Hill,115,7,11/11/2014
Vodka - Moskovskaya,twhybrowa@archive.org,8746720968,231 Carberry Drive,57,4,23/07/2019
Ice Cream Bar - Rolo Cone,ocairnsb@behance.net,7418411361,32 Welch Crossing,24,0,03/02/2017
Sauce - Chili,bcottamc@artisteer.com,9558105430,75583 Moulton Trail,129,5,01/03/2018
Veal - Leg Provimi - 50 Lb Max,dmaggid@unesco.org,3296111684,52816 Eagle Crest Plaza,68,10,30/12/2018
Beans - Long Chinese,cdeemane@goo.gl,8143535320,36 Harper Crossing,138,8,27/08/2023
Tart Shells - Sweet- 2,dswashf@joomla.org,6709949410,71 Morningstar Terrace,82,9,24/06/2017
Pepper - Red Bell,vizkovitzg@angelfire.com,7735307162,12 Sheridan Parkway,98,0,14/01/2018
Clam - Cherrystone,achoffinh@123-reg.co.uk,7202107450,4 Coleman Drive,137,5,15/02/2015
Paper Towel Touchless,gwarini@hubpages.com,9071211421,489 Nova Terrace,83,1,20/09/2016
Towels - Paper / Kraft,mkordingj@addthis.com,6614097979,836 Mockingbird Street,40,9,08/06/2023
Appetizer - Mango Chevre,dlegonideck@cbsnews.com,5623123676,786 Amoth Center,64,6,17/04/2021
Tea - Darjeeling Azzura,adodlel@parallels.com,9207254807,568 Waubesa Way,126,10,28/06/2021
Capers - Ox Eye Daisy,dcotteem@tripadvisor.com,6109083069,65869 Glendale Avenue,97,1,31/08/2020
Appetizer - Assorted Box,aiannen@bbc.co.uk,7925712811,4 Marquette Road,14,3,30/07/2020
Icecream Cone - Areo Chocolate,lcashello@lycos.com,8627503061,22357 Talmadge Plaza,9,10,26/05/2016
Tea - Apple Green Tea,qlotsp@sitemeter.com,4053102242,4599 Ludington Park,118,3,13/03/2016
Wiberg Super Cure,mquesteq@state.gov,2796263934,234 Steensland Alley,4,3,17/07/2018
Wine - Dubouef Macon - Villages,cwealthallr@topsy.com,6207224541,723 3rd Drive,12,5,15/11/2021
Chips - Potato Jalapeno,gblasiaks@whitehouse.gov,4921015683,03 Atwood Parkway,109,9,23/03/2017
Cheese - Pied De Vents,astonhamt@pen.io,7828090351,47 Logan Drive,94,10,20/01/2023
Bandage - Fexible 1x3,spyffeu@oracle.com,1081974826,7 Brickson Park Park,5,4,04/04/2016
Jagermeister,bmortonv@unesco.org,8388349059,5858 Meadow Vale Lane,34,4,25/01/2024
Wine - Sicilia Igt Nero Avola,ddorricottw@indiegogo.com,9781727083,71 Annamark Court,3,3,16/09/2016
Puree - Passion Fruit,tfelkinx@studiopress.com,8048444932,80194 Kim Place,70,7,22/08/2021
Aspic - Clear,idhenniny@google.ru,6226998198,72695 Columbus Way,88,0,24/11/2022
Wine - Harrow Estates Vidal,rivanisovz@topsy.com,4275262812,6623 Bellgrove Circle,1,1,13/10/2023
Trout - Rainbow Frozen,crozenbaum10@census.gov,8781306267,2744 Raven Road,8,6,17/04/2022
Lime Cordial - Roses,rbidwell11@foxnews.com,1061219463,080 Doe Crossing Way,81,1,18/01/2014
Rum - Light Captain Morgan,zbeadles12@ning.com,9632268547,336 Forest Dale Park,70,9,19/06/2022
Sauce - Oyster,rkording13@sciencedaily.com,4076970783,65 Homewood Place,46,9,01/10/2019
Wine - Stoneliegh Sauvignon,ctinwell14@mashable.com,3934387134,7514 Fairfield Street,64,7,29/04/2016
Fond - Chocolate,rsturges15@tinypic.com,8815571333,278 North Crossing,82,10,05/01/2021
Yogurt - Banana 175 Gr,ymcmeekin16@hud.gov,4566894291,8643 Kingsford Drive,7,7,22/02/2023
Basil - Fresh,ndevitt17@slashdot.org,3198331546,895 Farmco Junction,106,3,02/08/2021
Ice Cream - Vanilla,bdalby18@adobe.com,8108403221,144 Harbort Junction,67,9,05/06/2020
Tortillas - Flour 8,rlanceter19@dailymail.co.uk,8705923236,40975 Morrow Way,52,3,08/05/2014
Pineapple - Canned Rings,acaisley1a@cisco.com,2555444380,533 Ruskin Plaza,25,2,22/07/2014
Yogurt - French Vanilla,ssaines1b@imdb.com,2808441804,5116 Pleasure Parkway,143,4,09/09/2018
Rice Paper,hbone1c@thetimes.co.uk,6636750488,13381 Sugar Street,5,7,30/03/2022
Bar Special K,wkomorowski1d@hc360.com,9479045988,613 Mallard Point,64,9,28/10/2021
Juice Peach Nectar,lkislingbury1e@ft.com,6609845765,1718 Helena Circle,68,4,12/01/2014
Compound - Strawberry,kcrasford1f@ebay.com,5782649467,357 Helena Park,50,4,18/08/2016
Water Chestnut - Canned,psurridge1g@ning.com,3301174308,63179 Clarendon Trail,144,8,01/09/2014
Madeira,wigounet1h@free.fr,7312417969,5791 Village Green Junction,54,4,15/03/2020
Pepper - White- Whole,lcharville1i@theatlantic.com,7985384273,69586 Mallard Lane,49,8,08/05/2016
Peach - Halves,ejenman1j@yelp.com,5646590433,23966 Meadow Vale Avenue,113,1,30/07/2021
Garbag Bags - Black,sgoldsbrough1k@mail.ru,3316130732,431 Del Mar Drive,132,5,21/10/2016
Oil - Olive Bertolli,pwickey1l@hc360.com,5628114508,9861 Utah Street,138,1,12/04/2015
Jam - Raspberry-jar,rtunaclift1m@vistaprint.com,3929643895,8963 Esker Lane,49,9,06/07/2016
Raspberries - Fresh,bdownton1n@cornell.edu,2376129945,12476 Del Sol Circle,119,2,26/03/2017
Spice - Pepper Portions,sgolton1o@1und1.de,3448349230,4635 Memorial Crossing,45,5,29/02/2016
Ham - Virginia,bmaceur1p@vimeo.com,5838619577,2066 Anzinger Trail,61,6,28/11/2020
Wine - Chateau Bonnet,lsant1q@phoca.cz,7689521530,1660 Armistice Park,85,10,02/03/2018
Ocean Spray - Kiwi Strawberry,rcoltart1r@nsw.gov.au,2509670216,450 Homewood Trail,69,6,28/06/2021
Vanilla Beans,dduckit1s@linkedin.com,9408881151,31 Pennsylvania Hill,97,8,13/12/2014
Cherries - Frozen,qroggero1t@domainmarket.com,9153891071,44 Jackson Way,19,5,04/05/2015
Potatoes - Instant- Mashed,msteketee1u@fda.gov,3242765337,31344 Sherman Point,124,3,03/11/2021
Onions - Vidalia,dgallienne1v@eepurl.com,5249333899,560 Texas Plaza,118,1,08/01/2022
Anchovy Fillets,bjobey1w@smh.com.au,7207891352,898 Starling Place,81,2,29/09/2015
Cherries - Maraschino-jar,mshout1x@si.edu,3121531934,4227 Weeping Birch Terrace,62,4,17/02/2020
Beef - Sushi Flat Iron Steak,agilby1y@ucoz.ru,7605651954,20 Union Pass,64,4,03/01/2022
Turkey - Whole- Fresh,gcorneljes1z@wikimedia.org,2687271103,2 Russell Trail,116,0,06/07/2023
Mushroom - Crimini,latwell20@google.cn,7032527101,97532 Harper Pass,32,6,05/11/2018
Cheese - Shred Cheddar / Mozza,ctiery21@constantcontact.com,9605638278,5332 Sherman Court,1,1,15/10/2021
Muffin Batt - Choc Chk,tlimpenny22@friendfeed.com,8533638734,967 Dennis Parkway,131,0,06/05/2016
Ham - Proscuitto,hpriest23@mozilla.org,1901919311,44154 Anderson Center,128,1,27/06/2023
Bandage - Fexible 1x3,tcleeves24@salon.com,3091903813,1 Cardinal Street,116,8,26/11/2014
Lid Tray - 16in Dome,ethalmann25@flavors.me,2537915572,207 Fisk Avenue,76,1,26/09/2015
Bread - Pita,jgatteridge26@sbwire.com,6672891188,9 Dapin Court,150,3,21/06/2019
Sandwich Wrap,lhardwich27@yahoo.co.jp,7334071955,509 Kipling Court,16,3,31/03/2022
Sproutsmustard Cress,whiskey28@google.co.uk,6914972517,6460 Cottonwood Park,90,8,06/04/2014
Milk - 2% 250 Ml,hbranni29@economist.com,6243901563,47 Debs Junction,21,0,20/08/2015
Croissant- Raw - Mini,tswales2a@columbia.edu,2194895071,9311 Columbus Hill,6,8,03/07/2020
Beef - Texas Style Burger,kskirven2b@flickr.com,9782331664,4849 David Point,145,6,29/01/2019
Nut - Pumpkin Seeds,eparry2c@networksolutions.com,5141583572,9 Golf View Road,1,3,11/03/2015
Pears - Fiorelle,lbuye2d@nbcnews.com,4851612136,8907 Northridge Court,60,4,20/01/2023
Bread - Wheat Baguette,mredshaw2e@jiathis.com,4057963840,83533 Anderson Park,143,3,19/05/2023
Jam - Apricot,rlatter2f@sun.com,5005661844,9749 Old Shore Road,88,4,30/01/2019
Pork - Bacon-back Peameal,hkyllford2g@who.int,7186690025,430 Farragut Plaza,34,9,20/07/2023
Tea - Herbal I Love Lemon,kscud2h@wsj.com,3722404284,63 Rockefeller Avenue,76,6,03/03/2014
Juice - Propel Sport,averlinde2i@ca.gov,7741802335,5 Lunder Street,29,0,11/06/2014
Lentils - Green- Dry,hknollesgreen2j@infoseek.co.jp,7544581353,10069 Swallow Terrace,73,1,25/12/2015
Bread - Triangle White,arosenberg2k@wp.com,5988446471,64147 Barnett Pass,80,9,23/02/2019
Fudge - Cream Fudge,kmordaunt2l@furl.net,6256851896,6 Dennis Way,142,4,11/04/2017
Capon - Breast- Wing On,mpusey2m@alexa.com,1766374081,44010 Toban Street,69,10,02/08/2021
Orange Roughy 4/6 Oz,sciementini2n@e-recht24.de,8787234988,641 Scofield Way,42,5,28/05/2022
Wine - White- Colubia Cresh,njeanequin2o@huffingtonpost.com,2071653429,9 Parkside Crossing,36,2,24/05/2014
Thyme - Dried,sszymanzyk2p@networkadvertising.org,6418000481,67086 Straubel Drive,95,1,22/11/2018
Bay Leaf Ground,rambrogelli2q@fda.gov,9139198826,7 Amoth Trail,93,7,18/01/2014
Wine - Chenin Blanc K.w.v.,codam2r@360.cn,7332276285,2 Fallview Terrace,48,7,09/08/2014
Assorted Desserts,ctodd2s@cyberchimps.com,4804183069,9 Doe Crossing Place,46,7,21/05/2018
Wine - White- Pelee Island,rmintram2t@marriott.com,9015947784,13594 Susan Parkway,147,7,18/03/2023
Pickles - Gherkins,jbirth2u@howstuffworks.com,5736558962,8 Loeprich Circle,81,4,20/07/2018
Appetiser - Bought,obenard2v@shutterfly.com,9054796758,376 Hanover Pass,29,8,31/07/2016
Salmon - Atlantic- Skin On,agilkes2w@google.cn,4677297089,971 Kensington Trail,24,4,15/06/2015
Cheese - Brie-danish,achimes2x@state.gov,7039980808,89669 Sycamore Point,138,2,15/01/2020
Flour - Masa De Harina Mexican,awiddows2y@mapquest.com,6399486046,77489 Sloan Pass,69,8,01/12/2022
Melon - Honey Dew,epeare2z@bluehost.com,4584746245,712 8th Pass,17,1,30/01/2022
Soap - Hand Soap,eollerhad30@berkeley.edu,4437335084,0064 4th Center,92,7,14/03/2017
Transfer Sheets,rlocard31@163.com,5889770980,25283 Becker Trail,30,3,22/02/2016
Bread - Crusty Italian Poly,bupchurch32@yale.edu,6601735525,81 Springs Street,38,0,03/11/2015
Potatoes - Peeled,asilverman33@sohu.com,8509221271,8 Meadow Vale Lane,121,9,29/01/2019
Bread - Flat Bread,gbarff34@rakuten.co.jp,2515742774,0 Old Gate Trail,89,3,02/07/2020
Oil - Olive,mrooze35@istockphoto.com,6332027616,7594 Graceland Plaza,31,2,14/01/2017
Tart - Pecan Butter Squares,jwhereat36@biblegateway.com,3976584355,90 Everett Place,17,0,07/12/2021
Quail - Eggs- Fresh,tbente37@ehow.com,9438299302,68 Montana Park,108,4,10/06/2019
Chicken - Leg- Fresh,swarby38@deliciousdays.com,2404528709,7 5th Plaza,147,1,04/03/2017
Onions Granulated,aladbury39@tiny.cc,7827659390,86389 Barnett Circle,17,0,20/06/2018
Star Fruit,rkernermann3a@google.com.au,9907219810,05185 Claremont Court,27,8,13/08/2017
Sauce - Hoisin,jedgley3b@facebook.com,3281094046,830 Welch Road,92,4,17/08/2015
Cornish Hen,cjepperson3c@webmd.com,3624708615,5042 Caliangt Court,46,4,03/05/2015
Dried Figs,hnaisby3d@typepad.com,9712409141,4 Carpenter Terrace,8,7,09/07/2015
Wine - Bouchard La Vignee Pinot,mcearley3e@apple.com,4676456757,6 Fremont Circle,97,1,05/12/2014
Chocolate - Milk,cdimitru3f@meetup.com,7468720404,65465 Dapin Park,65,10,25/01/2023
Pepper - Sorrano,hspykings3g@yellowpages.com,8099026108,0919 Kennedy Lane,90,3,02/07/2023
Pastry - Trippleberry Muffin - Mini,fcasaroli3h@squarespace.com,9947870506,057 Columbus Court,41,10,14/12/2023
Pork - Ham- Virginia,cklugel3i@statcounter.com,5989888829,64855 Hanson Way,70,5,17/04/2023
Versatainer Nc - 8288,tdrewes3j@goodreads.com,4826109331,49 Saint Paul Lane,103,1,18/11/2015
Red Snapper - Fillet- Skin On,tgrist3k@delicious.com,3808042085,956 Gale Place,86,5,05/07/2015
Fondant - Icing,agudgin3l@photobucket.com,9512862403,78247 Fairfield Court,129,10,20/06/2016
Cake Circle- Foil- Scallop,ksevier3m@google.ca,2191445218,65418 Autumn Leaf Drive,135,3,02/11/2014
Coffee - Irish Cream,amitton3n@seattletimes.com,5771175407,4228 Barnett Park,137,9,17/07/2023
Wine - Red- Metus Rose,ejeremaes3o@cdc.gov,4034110173,9309 Drewry Park,4,2,03/09/2014
Cafe Royale,abelliveau3p@census.gov,3815855434,443 Monument Hill,1,9,22/06/2019
Food Colouring - Red,pingliby3q@de.vu,3509574382,8 Dahle Alley,26,8,31/01/2022
Sour Puss Raspberry,adudek3r@yolasite.com,6424886704,89 Eagle Crest Alley,72,1,13/08/2014
Syrup - Pancake,gcorsar3s@live.com,6899551043,03453 Lakeland Crossing,82,6,01/09/2018
Pomello,gpuckrin3t@livejournal.com,9181599046,5941 Hagan Place,59,1,25/05/2021
Tomato Puree,rbretherick3u@1688.com,5774752203,90657 Killdeer Trail,112,10,23/03/2015
Nestea - Ice Tea- Diet,cmanginot3v@technorati.com,2051912407,05714 Grover Alley,115,2,16/09/2019
Bread - 10 Grain,trops3w@marketwatch.com,7674540059,97722 International Avenue,58,3,21/08/2018
Puree - Mango,icumpton3x@uiuc.edu,6816957345,3 Duke Avenue,55,8,25/10/2017
Cream - 35%,fyerill3y@unesco.org,6243911892,59227 Nelson Circle,119,8,31/03/2021
Cocoa Butter,bspadazzi3z@blogger.com,7189597025,8395 Pond Drive,113,9,16/09/2022
Ice Cream Bar - Drumstick,cnoel40@theglobeandmail.com,9203771225,4638 Cordelia Crossing,107,6,21/08/2017
Strawberries,lallison41@nps.gov,3007679961,1 Artisan Lane,136,5,30/05/2023
Thyme - Dried,gellsom42@tiny.cc,3888281452,494 Sommers Parkway,148,5,26/07/2020
Wanton Wrap,ealders43@wikimedia.org,6754710426,735 Buell Alley,112,1,27/10/2022
Appetizer - Sausage Rolls,apoveleye44@gmpg.org,4873503888,4 Carioca Parkway,45,5,03/10/2022
Mushroom - Chantrelle- Fresh,adudek45@friendfeed.com,5175015039,02948 Dunning Terrace,14,2,24/09/2021
Soup - Campbells- Lentil,cpounsett46@yelp.com,1813206822,50068 Leroy Junction,106,4,08/06/2023
Nestea - Ice Tea- Diet,ejennrich47@com.com,6651136522,7560 Boyd Park,46,9,07/06/2014
Puree - Mango,sgraffin48@rambler.ru,2899120908,0129 Corry Pass,149,10,06/01/2023
Veal - Insides- Grains,gtorry49@blogger.com,7814542163,8732 Farmco Trail,135,9,22/01/2022
Beef - Prime Rib Aaa,lolford4a@free.fr,7383506356,3 John Wall Place,17,2,05/02/2020
Lemon Tarts,darnaldy4b@sitemeter.com,2348388496,9051 Dryden Lane,99,4,22/02/2015
Cocoa Powder - Natural,tlightbowne4c@economist.com,6086969423,2769 Kensington Hill,64,1,05/03/2020
Wine - Magnotta - Cab Franc,allelweln4d@vimeo.com,5507514898,86 Forest Dale Center,101,2,10/12/2015
Fennel - Seeds,mdambrosi4e@discovery.com,2366447806,865 Westerfield Road,93,4,26/02/2022
Buffalo - Short Rib Fresh,fmcglone4f@goodreads.com,4098525561,048 Blue Bill Park Trail,69,1,31/08/2017
Aspic - Clear,gmitchelmore4g@barnesandnoble.com,4425073236,78 Merchant Lane,128,0,06/12/2015
Savory,ecroxall4h@senate.gov,3231999227,5 Kingsford Court,107,8,06/07/2014
Brandy - Bar,amillis4i@ifeng.com,6929482627,602 2nd Pass,139,8,03/12/2021
Pears - Anjou,dmathivon4j@europa.eu,5869685060,7 Wayridge Street,80,3,22/09/2019
Red Pepper Paste,eodoohaine4k@wordpress.com,4308474020,6892 Chinook Drive,29,9,28/12/2023
Coffee - Colombian- Portioned,bhallut4l@europa.eu,8807854046,3465 Comanche Drive,109,6,13/06/2015
Flour - Fast / Rapid,ibillows4m@huffingtonpost.com,4324281221,988 West Terrace,118,5,11/08/2015
Tomato - Tricolor Cherry,demons4n@usa.gov,5932727109,88 New Castle Junction,23,7,01/06/2023
Lamb - Leg- Diced,bpovah4o@parallels.com,7399877884,4 Melvin Alley,42,5,16/03/2015
Trout - Rainbow- Frozen,sbeavon4p@elpais.com,1232344273,138 Arapahoe Circle,130,3,20/02/2020
Basil - Dry- Rubbed,dpanther4q@amazon.co.jp,2768942885,748 Nelson Trail,81,0,15/01/2016
Steam Pan - Half Size Deep,fclaussen4r@163.com,5724610780,89851 Scofield Crossing,137,10,01/04/2015
Appetizer - Asian Shrimp Roll,bhaswell4s@furl.net,1501421562,036 Daystar Court,94,1,17/02/2019
Pan Grease,lparsand4t@answers.com,1019219883,67939 Crest Line Lane,100,2,17/09/2016
Canadian Emmenthal,pnorthern4u@histats.com,6265575545,321 Clarendon Park,3,7,15/10/2016
Trout - Rainbow- Fresh,gskeleton4v@yelp.com,8593834907,46 Onsgard Pass,122,3,20/12/2022
Pail - 15l White- With Handle,shansill4w@house.gov,9432231269,1674 Waxwing Parkway,34,4,10/05/2021
Lettuce - California Mix,achaloner4x@aboutads.info,7048889159,7 Dovetail Trail,138,5,01/02/2014
Jameson - Irish Whiskey,pwillstrop4y@printfriendly.com,9732355827,3086 Killdeer Alley,140,1,27/09/2023
Food Colouring - Green,bauten4z@netscape.com,4872128935,2793 Meadow Ridge Parkway,60,3,01/02/2023
Lamb - Ground,hesslemont50@slideshare.net,9324901964,26206 Vera Avenue,11,8,20/01/2018
Sprouts - Peppercress,kkitchenside51@techcrunch.com,9245962173,5 Debs Avenue,138,9,26/06/2014
Soup Campbells Split Pea And Ham,bmabee52@google.co.jp,5265404016,53 La Follette Pass,25,3,26/12/2020
Lid Coffee Cup 8oz Blk,rwinsome53@ezinearticles.com,3914255174,1441 Boyd Way,126,0,10/05/2021
Veal - Knuckle,kenterlein54@imageshack.us,2259288361,6711 Porter Parkway,118,7,23/10/2019
Longos - Chicken Wings,bbartolacci55@pen.io,5826843768,6947 Everett Court,112,7,29/07/2018
Pasta - Lasagne- Fresh,iclementel56@comsenz.com,3033417900,3956 Autumn Leaf Circle,57,9,10/11/2023
Wine - White- Gewurtzraminer,vgumery57@umich.edu,6055810266,72069 Messerschmidt Way,54,8,21/01/2019
Wine - Maipo Valle Cabernet,ggirardey58@lulu.com,1997913095,62 Brown Road,26,2,30/01/2022
Milk - Homo,dapplewhaite59@macromedia.com,4222135311,4 Vermont Crossing,14,9,22/05/2014
Herb Du Provence - Primerba,fwater5a@live.com,9812349601,54435 Main Alley,103,10,26/07/2018
Carbonated Water - Cherry,lbealton5b@thetimes.co.uk,7892791406,3039 Jenna Court,7,7,24/12/2015
Gloves - Goldtouch Disposable,escruton5c@nifty.com,5439393899,6 Harbort Road,98,6,01/03/2017
Wine - Zonnebloem Pinotage,echarer5d@dell.com,8344058797,053 Fallview Alley,101,7,03/08/2018
Parsley - Dried,tchoules5e@so-net.ne.jp,7943724969,884 Golf View Terrace,79,4,22/06/2023
Flour Pastry Super Fine,abentz5f@cam.ac.uk,1477176707,3478 Bartillon Road,116,5,01/09/2021
Sage Ground Wiberg,kpoll5g@google.de,3333795666,4643 Cottonwood Avenue,42,10,30/10/2020
Snapple - Mango Maddness,ecarlisi5h@geocities.com,2342470413,28659 Nelson Junction,128,9,07/05/2021
Sea Bass - Whole,dbudgen5i@woothemes.com,8584049278,67 Browning Crossing,102,5,27/03/2015
Soup - Knorr- Country Bean,olafford5j@who.int,1345615777,94 Troy Place,66,8,07/10/2016
Artichokes - Jerusalem,djenkin5k@berkeley.edu,1709565574,7186 Shelley Place,41,7,11/08/2020
Pork - European Side Bacon,cportman5l@hugedomains.com,2514902265,6 Tomscot Trail,124,0,22/04/2022
Duck - Whole,rjenson5m@si.edu,1265305511,8 Ruskin Place,24,5,05/11/2016
Pasta - Fett Alfredo- Single Serve,vlissandri5n@smugmug.com,6273387871,807 Red Cloud Trail,122,7,24/01/2018
Horseradish Root,jhalvosen5o@flavors.me,3995757168,4008 Killdeer Parkway,56,0,26/01/2014
Wine - Red- Lurton Merlot De,aoggers5p@reddit.com,1749380133,2518 Kennedy Drive,29,10,24/07/2017
Crab - Meat,schartres5q@hubpages.com,1061698020,141 Merchant Trail,68,8,07/07/2019
Vodka - Lemon- Absolut,hbickmore5r@microsoft.com,4072647491,72080 Sunbrook Court,122,0,01/02/2023
Crackers - Water,lohrt5s@usa.gov,2067418802,10 Novick Plaza,33,2,18/09/2021
Wine - Saint - Bris 2002- Sauv,aaleshkov5t@berkeley.edu,4191419388,46870 Sachs Junction,52,3,30/03/2014
Cookie - Oreo 100x2,chenric5u@google.pl,7379776355,3311 Milwaukee Trail,18,7,05/11/2019
Nut - Macadamia,sgundrey5v@hc360.com,7862443703,730 Waywood Court,101,10,01/10/2014
Sausage - Chorizo,vceller5w@shop-pro.jp,4536498597,6281 Talmadge Road,101,0,13/12/2021
Knife Plastic - White,aantonopoulos5x@latimes.com,5468980874,813 Banding Avenue,12,6,02/01/2018
Nut - Pecan- Halves,coherlihy5y@cbslocal.com,2565410438,2000 Luster Terrace,40,5,12/03/2016
Irish Cream - Butterscotch,mmunn5z@live.com,5822000083,7022 Talisman Crossing,76,6,14/08/2021
Cheese - Goat With Herbs,escarbarrow60@examiner.com,6618104042,985 Lindbergh Court,43,7,02/03/2015
Salt - Seasoned,cmielnik61@webs.com,9191218817,92 Dovetail Circle,52,9,04/08/2019
Puree - Mocha,wetheredge62@1und1.de,2533408366,4257 Susan Avenue,94,7,11/06/2014
Nectarines,rgorelli63@microsoft.com,2005814288,099 Huxley Circle,92,10,22/11/2022
Champagne - Brights- Dry,joen64@wiley.com,9496429829,6491 Sutteridge Parkway,135,8,27/07/2023
Veal - Leg- Provimi - 50 Lb Max,wbaily65@wisc.edu,3515926744,6 Summer Ridge Street,12,5,18/08/2015
Bread - Frozen Basket Variety,kavrahamian66@pcworld.com,4166494089,42 Lerdahl Road,28,9,28/03/2018
English Muffin,gyarnell67@who.int,4334639056,1 Old Gate Circle,2,4,24/06/2018
Stainless Steel Cleaner Vision,ggoater68@twitter.com,4368322295,19 Aberg Crossing,110,0,29/04/2022
Cinnamon - Ground,dminear69@indiegogo.com,6022742745,4170 Leroy Terrace,104,6,14/07/2019
Cake - Miini Cheesecake Cherry,kgalland6a@nih.gov,1311458185,25 Dunning Hill,110,6,22/05/2016
Bread - Pita,dawcock6b@xinhuanet.com,3887835090,41 Wayridge Trail,96,1,24/04/2019
Soup Campbells - Tomato Bisque,lkubecka6c@geocities.com,9723125061,02 Spenser Road,140,10,06/01/2015
Thyme - Dried,tsinderson6d@eepurl.com,1262993389,14 Hanover Lane,136,10,22/12/2019
Noodles - Cellophane- Thin,mcollerd6e@engadget.com,4582263604,3 Hagan Alley,59,4,03/07/2021
Ecolab - Hobart Washarm End Cap,farntzen6f@cdbaby.com,3056769387,89027 Northview Plaza,3,8,20/10/2023
Wooden Mop Handle,tentres6g@unblog.fr,2044346465,1729 Atwood Trail,58,5,12/06/2017
Vodka - Smirnoff,kwoodward6h@miitbeian.gov.cn,7741075093,7 La Follette Alley,141,5,02/11/2016
Beef - Top Sirloin,dklosges6i@infoseek.co.jp,1675508911,457 Morning Avenue,31,6,10/01/2017
Lettuce Romaine Chopped,gclashe6j@redcross.org,9541246282,940 Longview Circle,143,2,08/10/2020
Curry Paste - Madras,twiddop6k@fastcompany.com,7786162035,659 Thackeray Point,88,10,11/12/2021
Wine - Wyndham Estate Bin 777,lconnaughton6l@last.fm,6611597773,7048 Hagan Circle,139,8,07/01/2014
Rye Special Old,dmattersey6m@nydailynews.com,5064841128,833 Talisman Park,111,4,20/08/2015
Brandy Apricot,cthurske6n@fda.gov,7277041311,0 Becker Junction,25,9,08/08/2020
Pepper - Sorrano,jilyushkin6o@is.gd,4301125092,62141 Morningstar Road,95,7,30/01/2024
Wine - Acient Coast Caberne,nsaull6p@ow.ly,9801649010,17 Crowley Parkway,12,5,23/11/2023
Table Cloth 81x81 White,tghelerdini6q@latimes.com,7228422205,409 Hoard Junction,40,2,13/02/2014
Wine - Harrow Estates- Vidal,apeabody6r@cloudflare.com,5812614902,9020 Everett Junction,80,0,27/03/2014
Lamb - Loin- Trimmed- Boneless,csedgeworth6s@cdc.gov,9704559421,25 Glacier Hill Court,7,3,28/06/2023
Lotus Root,acholmondeley6t@businessweek.com,6917524040,1 Havey Hill,55,6,25/03/2018
Cheese - Brie- Triple Creme,sskep6u@narod.ru,5002021204,89214 Oak Point,3,3,29/08/2019
Appetizer - Asian Shrimp Roll,rheliet6v@yellowbook.com,5664587448,71016 Esker Lane,13,7,14/12/2020
Cheese - Victor Et Berthold,egregoretti6w@tiny.cc,1384534532,01 Laurel Lane,150,2,14/05/2016
Juice - Orange- 341 Ml,ggolborne6x@house.gov,2107714079,0 Darwin Place,135,4,20/03/2018
Pepper - Chillies- Crushed,sgrissett6y@paypal.com,9915184877,3 Hudson Lane,99,0,15/07/2018
Coffee Beans - Chocolate,yhowgate6z@irs.gov,2818074550,66865 Donald Street,77,9,04/06/2019
Cloves - Ground,gmaleck70@webnode.com,8408402909,59837 Carioca Drive,98,5,12/03/2016
Extract - Lemon,fcleverley71@cbslocal.com,7016301083,60354 Dapin Way,83,0,28/02/2018
Calvados - Boulard,idrake72@cpanel.net,7836651645,6386 Doe Crossing Pass,126,6,25/04/2019
Oysters - Smoked,sbottoner73@so-net.ne.jp,6248381823,80500 Mesta Street,58,0,19/04/2019
Pineapple - Regular,mbrigman74@drupal.org,9264305608,7 Sugar Place,60,8,14/01/2021
Coffee - Colombian- Portioned,iworham75@cnet.com,1403641124,30291 Lerdahl Pass,122,2,11/05/2018
Sambuca - Opal Nera,gbraxay76@wufoo.com,3083215427,776 Buhler Way,143,1,13/04/2017
Wine - White- Lindemans Bin 95,cmix77@usatoday.com,2383680798,55552 Ridge Oak Way,108,2,23/01/2021
Soup - Campbells Beef Strogonoff,hfarnorth78@drupal.org,6808276143,33 Bunker Hill Way,41,0,03/09/2020
Water - Spring 1.5lit,cpickett79@gizmodo.com,5049354425,3 Thackeray Point,14,10,25/02/2021
Tart Shells - Savory- 3,ecadany7a@nps.gov,6531148651,8 Union Place,116,0,22/03/2022
Cheese - Le Cheve Noir,ajolley7b@bing.com,8383930453,9772 Dahle Court,59,4,05/04/2016
Island Oasis - Peach Daiquiri,msouley7c@ameblo.jp,1807431926,3 1st Crossing,7,0,12/10/2019
Pickles - Gherkins,ecalcraft7d@ebay.com,4502479315,4 Hoard Way,105,10,07/07/2019
Pork - Bones,mcasey7e@live.com,7767686314,8 Ramsey Hill,24,3,27/09/2014
Split Peas - Green- Dry,seusden7f@latimes.com,5579522314,3 Maywood Crossing,39,4,25/03/2015
Extract - Vanilla-artificial,ayushkov7g@ezinearticles.com,4475408473,497 Golf Course Center,8,6,05/03/2023
Sauerkraut,enardi7h@rambler.ru,3487088387,3197 Anniversary Circle,142,3,16/11/2023
Cup - 8oz Coffee Perforated,zpetyakov7i@themeforest.net,2974708269,32434 5th Hill,7,9,06/03/2014
Cassis,mbagster7j@yellowpages.com,7638206038,1 Hoard Center,97,8,28/09/2018
Coffee - Ristretto Coffee Capsule,bbrinded7k@dailymail.co.uk,6415734015,9823 Dwight Avenue,36,10,19/08/2021
Steamers White,dhargrave7l@noaa.gov,5983354296,4437 Pepper Wood Avenue,28,6,16/06/2016
Water - Spring Water 500ml,dodonnelly7m@npr.org,9711049973,27443 Bluejay Point,120,4,15/04/2019
Garbage Bag - Clear,dtoone7n@twitter.com,3591379612,0702 Parkside Hill,88,3,24/01/2017
Oil - Peanut,hsyddon7o@utexas.edu,7514269743,90681 Grim Crossing,135,5,30/11/2020
Soup - Beef Conomme- Dry,cgerwood7p@discovery.com,1251492560,34 Sauthoff Way,12,6,22/03/2022
Melon - Watermelon Yellow,afrankiewicz7q@techcrunch.com,8673316546,491 Esker Center,28,3,17/11/2014
Puree - Blackcurrant,scromley7r@hugedomains.com,9189279344,3502 Kenwood Center,2,10,10/12/2020
Wine - Ruffino Chianti Classico,ldockwray7s@home.pl,3733276820,65 Superior Alley,31,5,31/03/2014
Mangoes,mkerslake7t@businessweek.com,3227865350,05 Moulton Street,60,5,13/12/2014
Amaretto,eream7u@phpbb.com,8698246087,99217 Warbler Lane,25,3,11/10/2022
Danishes - Mini Raspberry,melfitt7v@cdc.gov,3613099175,1 Park Meadow Street,65,0,10/07/2023
Olives - Morracan Dired,phaversham7w@ed.gov,1373424108,0555 Anderson Plaza,127,0,12/08/2020
Wine - Shiraz Wolf Blass Premium,wlujan7x@about.com,9419805972,415 Butterfield Pass,20,10,13/05/2021
Bread - White- Sliced,dmccrainor7y@state.tx.us,4529667815,132 Arapahoe Point,78,7,18/03/2023
Table Cloth 72x144 White,wbeedie7z@ezinearticles.com,3148033659,8 Schiller Lane,48,7,27/11/2020
Melon - Honey Dew,kplayle80@independent.co.uk,1158210145,43116 Nancy Way,105,3,19/03/2021
Bacon Strip Precooked,lbrantl81@blinklist.com,6129648892,273 Tomscot Parkway,91,3,23/05/2021
Bread - Hamburger Buns,wtellenbroker82@digg.com,9019391815,5 Little Fleur Pass,149,0,30/08/2016
Plums - Red,dstenett83@flickr.com,8342128452,5274 South Point,40,3,20/02/2019
Coffee - Ristretto Coffee Capsule,rmacvicar84@about.com,9766441824,30 Dwight Crossing,51,8,08/03/2020
Pate Pans Yellow,oyearnes85@wikimedia.org,3724182924,32784 Upham Circle,137,3,30/11/2022
Fudge - Cream Fudge,pavent86@usnews.com,9008299653,03872 Golf View Trail,127,6,19/01/2017
Cranberry Foccacia,krutherford87@mediafire.com,3594435906,461 7th Center,132,0,12/01/2016
Eggroll,tportingale88@wordpress.org,4394509134,64 Charing Cross Circle,46,6,25/05/2020
Bread - Roll- Soft White Round,jcharley89@msn.com,8745465433,01 Anzinger Crossing,80,9,11/12/2016
Tamarillo,cflay8a@skype.com,7479597377,8937 Weeping Birch Terrace,45,8,04/11/2020
Pimento - Canned,mantwis8b@businessweek.com,7263055604,282 Havey Center,36,2,26/08/2017
White Baguette,fbalsdone8c@deviantart.com,3238143664,969 Ruskin Way,118,3,23/01/2017
Syrup - Monin- Irish Cream,kkenryd8d@weibo.com,8175016247,14 Sauthoff Way,126,1,13/12/2020
Carbonated Water - Orange,lwherton8e@qq.com,1384162058,5 Westridge Court,56,0,02/05/2020
Squash - Pepper,jforge8f@yahoo.com,1258549212,0 Pine View Avenue,121,1,17/12/2017
Corn Meal,edragge8g@mtv.com,9599304272,2 Shelley Hill,13,8,27/12/2019
Broom Handle,agretham8h@oakley.com,7151953792,0 Lakeland Place,27,8,20/11/2023
Caviar - Salmon,sswannell8i@google.cn,9663968955,90 Washington Road,73,9,31/10/2021
Corn Meal,cbeernaert8j@surveymonkey.com,2259243941,5 Fallview Pass,24,9,01/08/2019
Veal - Ground,dlemarchand8k@hc360.com,8537944940,13047 West Center,25,8,24/12/2023
Pork - Ground,jlamkin8l@dmoz.org,6783729753,5 Oriole Junction,79,8,03/01/2021
Pecan Raisin - Tarts,wlowres8m@boston.com,7175649698,7658 Clarendon Circle,4,5,26/06/2015
Napkin White - Starched,eripley8n@wisc.edu,3535472240,30920 Bluejay Terrace,144,0,01/06/2019
Chicken - Whole,mleupold8o@reddit.com,5886645922,86 Utah Court,115,4,30/03/2017
Dish Towel,smcgettigan8p@ucoz.ru,4259899413,473 Clarendon Pass,140,7,22/02/2015
Bulgar,gfittis8q@blogs.com,7931558643,06 Banding Avenue,2,1,05/04/2019
Wine - Two Oceans Sauvignon,emayfield8r@ucoz.com,3738892026,48 Nobel Hill,133,7,11/01/2019
Wine - White- Colubia Cresh,ggodwin8s@live.com,8446034601,60462 Weeping Birch Court,140,4,21/12/2016
Mortadella,djeffs8t@github.io,2006979923,54122 Hintze Center,27,7,08/03/2020
Capon - Breast- Double- Wing On,gbuterton8u@netlog.com,4801268193,2 Sloan Drive,73,7,05/12/2022
Cheese - Cheddar- Medium,amence8v@zdnet.com,6617519781,1359 Oriole Road,8,2,05/12/2017
Lamb - Whole Head Off,scastagnone8w@deviantart.com,6267156495,7 Redwing Park,146,10,27/02/2014
Dish Towel,hbryers8x@cnbc.com,3244488742,9823 Mesta Park,22,8,04/07/2017
Snapple - Mango Maddness,bconner8y@ca.gov,3178028604,5 Rockefeller Way,44,0,24/10/2020
Eggplant - Asian,afergyson8z@discuz.net,1313844385,290 Ramsey Court,114,0,04/03/2015
Coffee Caramel Biscotti,ldriutti90@issuu.com,5653638574,4 Barnett Court,47,0,26/06/2020
Sauce - Salsa,kmcturk91@foxnews.com,3917720517,3 Mendota Road,133,2,23/09/2022
Cheese - Cheddar- Old White,dcalrow92@youtu.be,6383919454,38539 Clemons Circle,120,6,24/03/2015
Pears - Bosc,arupke93@squidoo.com,2969667635,38 Mesta Park,95,2,11/05/2018
Cookie Dough - Chunky,striggle94@jiathis.com,6697621113,088 Veith Alley,101,0,10/11/2020
Crab Meat Claw Pasteurise,lswadlin95@tinypic.com,3237182509,74 Esch Court,84,4,09/03/2014
Sage - Rubbed,mfleckno96@apache.org,2625410284,269 Sherman Hill,59,3,23/03/2020
Bagel - Ched Chs Presliced,eollin97@chicagotribune.com,4849603238,99066 Huxley Terrace,123,3,01/03/2021
Skirt - 29 Foot,bbengtsen98@parallels.com,3869059336,93 Comanche Way,13,4,05/07/2022
Wine - White- Gewurtzraminer,mfalconbridge99@xing.com,3167119067,57571 Moland Circle,62,10,07/04/2020
Ecolab - Hobart Washarm End Cap,dharses9a@yolasite.com,6024316132,6078 Elmside Road,15,0,07/09/2023
Cheese - Havarti- Roasted Garlic,acaslett9b@macromedia.com,3996828489,6881 Florence Court,103,3,20/07/2023
Lobster - Base,kweigh9c@patch.com,8532111642,90 Quincy Pass,144,5,13/05/2021
Soup - Knorr- Chicken Noodle,svanyushin9d@sakura.ne.jp,5547478462,34006 Autumn Leaf Parkway,143,2,01/09/2023
Pate - Liver,gclulee9e@netvibes.com,3604827382,90 Sage Hill,48,4,02/01/2018
Bowl 12 Oz - Showcase 92012,jwoolward9f@illinois.edu,6958042735,8 Thompson Avenue,70,8,09/09/2015
Lobak,tdunabie9g@dedecms.com,5193505923,94 Butterfield Circle,24,1,26/02/2021
Wine - Niagara Peninsula Vqa,jkohrsen9h@privacy.gov.au,4083439890,604 Cambridge Court,57,5,30/03/2016
Olives - Black- Pitted,sziemens9i@tamu.edu,7053551864,2170 Dawn Way,78,10,27/09/2023
Bread - Pita,hisacoff9j@google.fr,1882317219,24439 Badeau Point,86,10,18/02/2024
Almonds Ground Blanched,gallenson9k@gmpg.org,6584112453,5537 Luster Lane,79,4,31/05/2019
Pail With Metal Handle 16l White,gimmer9l@foxnews.com,6467578933,8 Thierer Lane,102,6,21/11/2019
Lamb - Whole- Frozen,mmurie9m@rakuten.co.jp,7274194754,343 Cody Drive,104,7,25/09/2021
Cheese - Oka,dscripps9n@imdb.com,2312566446,87820 Cody Junction,126,6,26/09/2015
Edible Flower - Mixed,lamiable9o@fema.gov,2499536600,29362 Ryan Parkway,73,4,12/06/2022
Goulash Seasoning,dkrug9p@addtoany.com,6328403523,1788 Welch Terrace,41,9,29/04/2019
Tomatoes Tear Drop Yellow,whuncote9q@nba.com,8138314913,0822 Walton Parkway,129,4,10/01/2023
Oxtail - Cut,escain9r@home.pl,2089549267,53435 Quincy Court,72,3,19/11/2020
Carbonated Water - Blackberry,lpikesley9s@xinhuanet.com,2024972295,590 Westport Junction,87,2,22/12/2017
Pork Casing,lquarless9t@sitemeter.com,4318741006,29 Anderson Circle,109,4,11/05/2015
Muffin Hinge - 211n,pjerson9u@goo.gl,2311567315,5783 6th Parkway,142,4,17/03/2014
Kale - Red,halgy9v@eventbrite.com,1228992993,3 Aberg Circle,25,3,17/07/2016
Wine - Niagara-vqa Reisling,cberzon9w@whitehouse.gov,6432687455,3719 Laurel Road,113,6,31/01/2017
Veal - Insides Provini,dvokes9x@cbc.ca,1739261253,28 Dawn Hill,125,6,29/08/2016
Beef - Ground Medium,bstearndale9y@mapy.cz,5663930294,1 Arapahoe Center,72,0,05/02/2021
Puree - Pear,ctight9z@ibm.com,1876634611,33 Mockingbird Parkway,86,9,16/08/2023
Alize Sunset,binglesona0@wikia.com,4836160510,9059 Nobel Street,55,1,20/04/2014
Sauce - Hp,lheminsleya1@npr.org,4005779959,06 Caliangt Plaza,49,9,04/04/2016
Soup - Knorr- Country Bean,rtokella2@theglobeandmail.com,7619975844,44422 Emmet Parkway,138,5,12/02/2022
Danishes - Mini Raspberry,rheidena3@typepad.com,6916892511,37 Fordem Drive,64,1,16/03/2015
Bread - Dark Rye,nenburya4@de.vu,2714054225,580 Manitowish Road,87,6,09/04/2020
Iced Tea Concentrate,fkramera5@youtube.com,9158222183,2926 Prairieview Court,59,9,23/08/2016
Bread Fig And Almond,gbrownbridgea6@zimbio.com,1201193384,2799 Lyons Alley,68,8,19/06/2016
Pastry - Apple Muffins - Mini,vactona7@census.gov,1676424730,2 Monica Pass,109,0,02/09/2016
Yogurt - Banana- 175 Gr,ofrancescottia8@google.ru,8168093042,9 Shelley Plaza,93,3,16/11/2014
Soup - Chicken And Wild Rice,nchettera9@so-net.ne.jp,9786292030,4186 Bultman Park,45,10,12/06/2022
Absolut Citron,esincockaa@hao123.com,5132037568,3694 Waubesa Plaza,120,4,27/11/2018
Wine - Cahors Ac 2000- Clos,kdowntonab@home.pl,9206462784,37868 Graceland Court,137,7,14/04/2023
Ham - Proscuitto,kcleenac@nhs.uk,2763189849,94 Ronald Regan Lane,50,5,24/02/2016
Soup Campbells Turkey Veg.,wbelliveauad@phoca.cz,7855628452,2 Rieder Trail,8,8,14/06/2020
Apple - Royal Gala,nmacariae@disqus.com,2437072216,644 Valley Edge Place,71,10,11/11/2023
Pepsi- 355 Ml,bmcillrickaf@unblog.fr,4396833061,9718 Katie Trail,32,6,24/03/2019
Rice - Wild,rrichfieldag@alibaba.com,1486904655,201 Vernon Pass,77,6,15/11/2018
Butcher Twine 4r,bmcguiganah@hp.com,3482900305,956 Fairfield Court,4,4,02/07/2016
Skewers - Bamboo,gspinigeai@phpbb.com,3786074541,231 Union Center,10,9,09/02/2018
Tomato - Peeled Italian Canned,ptugmanaj@cnn.com,7839650671,72 Ryan Court,32,10,04/06/2023
Sage - Rubbed,cmacswaydeak@craigslist.org,6689867261,8275 Gulseth Crossing,148,7,27/11/2021
Ecolab Digiclean Mild Fm,pyuleal@census.gov,4273180636,26107 Carioca Place,13,3,16/02/2022
Amaretto,chollidgeam@51.la,3986049526,8577 Ohio Plaza,32,8,19/10/2019
Kellogs All Bran Bars,hbennellan@imdb.com,4129589952,3960 Nancy Alley,75,9,12/10/2017
Juice - Lime,abordesao@craigslist.org,3082447432,6 Pawling Crossing,11,5,04/02/2024
Crackers - Water,slagesap@hao123.com,6833542254,8623 Forest Dale Park,81,0,08/02/2023
Tart Shells - Savory- 2,lcoppensaq@independent.co.uk,6509100410,41666 Fuller Court,79,1,03/01/2016
Alize Gold Passion,vcereceresar@usatoday.com,7859107916,5078 Meadow Valley Avenue,125,0,10/02/2018
Chocolate - Semi Sweet- Calets,kstennardas@gizmodo.com,9437093801,698 Johnson Court,139,9,06/10/2019
Pork - Loin- Boneless,kdrydenat@nyu.edu,5809671664,3572 1st Circle,118,3,02/03/2024
Bread - White Mini Epi,ashoebrookau@hud.gov,9631749386,57 Summer Ridge Way,4,7,16/02/2015
Longos - Penne With Pesto,tribeiroav@opensource.org,8408127431,8077 Hansons Pass,9,10,12/05/2016
Rappini - Andy Boy,cwrightemaw@google.com,4984938419,795 Harbort Pass,149,7,12/12/2022
Pasta - Penne Primavera- Single,pmontelax@odnoklassniki.ru,8987990471,0312 Delaware Plaza,50,4,28/06/2017
Mushroom - Porcini- Dry,sscaysbrookay@ebay.co.uk,2128666819,3213 Eagle Crest Way,40,10,03/04/2016
Sparkling Wine - Rose- Freixenet,pdicksonaz@sfgate.com,7756394311,99 Starling Court,103,0,06/11/2022
Energy Drink Bawls,rshaftob0@aboutads.info,6547689247,24767 Vidon Street,41,0,08/12/2019
Wine - Magnotta - Bel Paese White,qarchleyb1@squidoo.com,5074143151,60 Michigan Way,131,4,17/12/2018
Cauliflower,esorsbieb2@discuz.net,9727173135,545 Sullivan Place,90,3,04/07/2022
Bread - Rye,gsinnottb3@cnn.com,9521755826,976 Hoepker Place,117,0,04/11/2018
Wine - Peller Estates Late,djackeb4@domainmarket.com,6184387497,69227 Russell Drive,59,8,19/05/2018
Sauce - Demi Glace,jrawkesbyb5@facebook.com,5406427995,4 Acker Street,9,8,10/09/2015
Pork - Back- Short Cut- Boneless,ggrigorushkinb6@dedecms.com,5498983541,94149 Eggendart Crossing,40,2,08/08/2017
Tomatoes - Diced- Canned,challoranb7@blogs.com,1839847479,1602 Kropf Lane,99,7,20/03/2019
Tomatoes - Heirloom,dlesleyb8@chronoengine.com,6629380629,197 Namekagon Circle,117,10,27/09/2014
Hog / Sausage Casing - Pork,sbritziusb9@shareasale.com,1538307085,63630 Anthes Terrace,59,7,20/03/2015
Yogurt - Cherry- 175 Gr,dcereceresba@sohu.com,5666959762,14 Nevada Terrace,102,5,10/08/2014
Macaroons - Two Bite Choc,hginnellybb@ovh.net,1902913499,00560 Karstens Pass,134,2,02/03/2016
Flour - Chickpea,ramottbc@jugem.jp,4442457872,08 Grover Parkway,44,4,03/10/2019
Amaretto,amazzeybd@vistaprint.com,7977095374,5 Cordelia Lane,59,2,04/07/2021
Pork - Shoulder,creisbe@unc.edu,3497718381,5687 Northfield Alley,121,3,03/07/2015
Wine - Merlot Vina Carmen,rvisebf@home.pl,9153484971,67145 Dexter Lane,132,6,01/11/2014
Ecolab - Balanced Fusion,acapaldobg@last.fm,2369731577,4782 Lakewood Gardens Terrace,36,1,07/09/2017
Beer - Mcauslan Apricot,nwoollastonbh@blogger.com,5103907109,3784 Sunnyside Point,16,6,15/05/2018
Lamb - Ground,bproffittbi@gravatar.com,1446004147,21 Clyde Gallagher Circle,62,10,17/05/2019
Lamb - Loin Chops,kkeetsbj@sohu.com,3131040822,9779 Messerschmidt Park,139,6,15/02/2016
Pate - Liver,jskewesbk@yahoo.co.jp,4026964019,6 Londonderry Drive,87,3,04/09/2019
Wine - Delicato Merlot,rwhitefootbl@cafepress.com,6268213911,135 Mcguire Parkway,84,1,04/10/2020
Sour Puss Raspberry,cseekingsbm@sun.com,8727383158,444 Spenser Street,127,10,21/07/2018
Oil - Canola,agounybn@comsenz.com,7581521111,1683 Clarendon Pass,93,9,29/06/2014
Glaze - Clear,afathersbo@mtv.com,5578295210,92309 Loomis Circle,128,7,17/05/2020
Assorted Desserts,tmattsbp@altervista.org,6639668764,07458 Pond Drive,56,4,28/04/2020
Lid - High Heat- Super Clear,mcarleybq@sogou.com,4073429429,6 Trailsway Way,146,6,08/12/2023
Island Oasis - Sweet And Sour Mix,rwillsherebr@timesonline.co.uk,5239687916,8 Loomis Parkway,105,3,17/10/2022
Beef Dry Aged Tenderloin Aaa,aloadsbs@domainmarket.com,9016430605,05 Express Court,44,10,09/03/2022
Port - 74 Brights,screavenbt@1688.com,9892251833,07256 Mockingbird Place,2,0,09/05/2022
Pear - Asian,mcrownbu@yellowpages.com,9525126202,3046 Arrowood Crossing,76,10,02/11/2016
Puff Pastry - Slab,abarringerbv@businessweek.com,1932441737,893 Mosinee Trail,150,1,28/12/2014
Sauce - Marinara,bwickinsbw@i2i.jp,9363370340,2550 Oak Park,60,10,30/05/2014
Lamb - Whole Head Off,mjouannybx@ifeng.com,4316563734,49590 Crowley Plaza,78,8,16/11/2017
Pork - Back- Short Cut- Boneless,bdickensby@state.gov,6556719232,357 Onsgard Plaza,26,8,12/12/2015
Ecolab - Solid Fusion,bbatiebz@cdbaby.com,8471613942,19373 Warner Plaza,147,10,06/01/2014
Beans - Yellow,vseac0@qq.com,6978647039,680 Vermont Center,33,2,25/07/2019
Shrimp - Black Tiger 16/20,hbrindlec1@dailymotion.com,5309073226,3 Golf View Street,49,7,01/09/2016
Nori Sea Weed - Gold Label,wjacobowitsc2@ox.ac.uk,8209344236,6 Menomonie Pass,36,4,27/03/2014
Godiva White Chocolate,dlabronec3@google.co.jp,3692309733,49539 Iowa Plaza,30,9,05/05/2019
Burger Veggie,tduplainc4@shareasale.com,2333179317,6887 Donald Hill,48,5,19/01/2018
Glass Clear 8 Oz,bkenionc5@cloudflare.com,7373846707,1810 Pond Point,70,1,12/11/2016
Soup - Campbellschix Stew,apythonc6@webs.com,6953188560,899 Canary Circle,133,8,05/01/2014
Apricots Fresh,tdoolec7@cafepress.com,4651199618,3 Hoepker Avenue,102,1,30/05/2017
The Pop Shoppe - Root Beer,rtewkesburyc8@businessinsider.com,5912952126,3 Miller Avenue,85,7,17/01/2024
Nantucket - Orange Mango Cktl,bleyrec9@statcounter.com,6457668571,4 Dexter Junction,73,3,03/12/2015
Chicken Giblets,gmeritonca@canalblog.com,2992094104,08438 Bluejay Way,55,10,07/02/2017
Mini - Vol Au Vents,gbenjefieldcb@tinypic.com,1271750711,7945 Rieder Lane,103,0,05/10/2022
Shrimp - 100 / 200 Cold Water,ahuglincc@shutterfly.com,8891179697,5 1st Hill,119,10,22/08/2018
Jam - Blackberry- 20 Ml Jar,kpaulitschkecd@booking.com,4338769774,1825 Knutson Plaza,148,2,12/04/2016
Soup V8 Roasted Red Pepper,briggulsfordce@netvibes.com,4853128881,59027 Hooker Road,90,8,20/06/2021
Bread - French Stick,abunsoncf@google.es,9337198127,90033 Carioca Road,17,6,17/09/2015
Pur Value,waggecg@nydailynews.com,9602840713,47 Twin Pines Street,76,10,31/03/2017
Arctic Char - Fillets,wkinchingtonch@state.tx.us,9401114414,78 Northland Pass,7,10,20/01/2021
Kaffir Lime Leaves,mcyplesci@dropbox.com,3631487879,1029 Center Court,76,3,08/11/2020
Cheese - Cream Cheese,jwadelingcj@mozilla.com,4589536313,52 Elgar Lane,66,4,15/04/2017
Radish - Pickled,smacdaidck@histats.com,7586334396,517 Scott Hill,107,0,19/02/2023
Cheese - Sheep Milk,hsondoncl@parallels.com,2499015773,27 Mockingbird Terrace,69,0,07/09/2023
Longan,apidoncm@nba.com,9182750759,47057 Hoard Crossing,11,7,11/08/2022
Chinese Foods - Plain Fried Rice,ndallicn@cisco.com,6304168134,724 Hintze Center,68,8,28/10/2022
Lamb - Bones,dmarchentco@disqus.com,2858427094,57543 Blackbird Point,47,10,19/03/2023
Potatoes - Purple- Organic,eabbysscp@parallels.com,1296715789,96 Bay Drive,26,0,14/08/2015
Tea - Vanilla Chai,aobraycq@zdnet.com,3214121657,9454 East Terrace,88,6,10/02/2021
Chilli Paste- Sambal Oelek,amountfordcr@huffingtonpost.com,4226701547,9378 Golf Course Point,57,9,12/11/2015
Shiro Miso,dkillwickcs@soup.io,8613795060,31 Red Cloud Plaza,93,4,25/09/2015
Tomato - Peeled Italian Canned,sleblondct@disqus.com,2152329599,5 Dapin Street,23,6,31/03/2017
Bread - Onion Focaccia,khargeycu@wix.com,1538835510,7127 Buell Street,27,6,05/12/2016
Oil - Olive Bertolli,sfifieldcv@hp.com,4969073023,17047 Kim Lane,15,5,04/05/2022
Rice - Wild,zellingsworthcw@e-recht24.de,9373577954,65736 Graedel Hill,128,6,03/06/2016
French Kiss Vanilla,spopeleycx@edublogs.org,4889768966,65 Mandrake Alley,94,6,03/10/2019
Cookie Double Choco,egilsoncy@tuttocitta.it,3727416834,9410 Kennedy Way,12,7,24/02/2017
Uniform Linen Charge,aboatecz@lycos.com,5826655697,0184 Duke Crossing,8,6,04/03/2017
Ice Cream - Strawberry,jbiesterfeldd0@hp.com,8085621342,50 6th Junction,6,3,17/06/2017
Ginger - Ground,dchancelierd1@weebly.com,7516568705,14050 Victoria Point,1,10,20/08/2019
Cassis,gsimiolid2@feedburner.com,7849729384,1402 Monument Pass,130,4,16/08/2014
Potatoes - Parissienne,hgreenstedd3@nydailynews.com,8246143817,10 David Trail,62,8,19/11/2019
Foie Gras,icollmand4@icq.com,1862330923,3 Eastwood Parkway,83,4,12/09/2017
Jagermeister,hoconcannond5@tumblr.com,3556451729,04532 Mcbride Street,31,7,14/10/2016
Hinge W Undercut,iferensd6@epa.gov,9488975171,0 American Plaza,45,10,01/11/2015
Chickhen - Chicken Phyllo,eschiefersteind7@comcast.net,8529704975,94 Elgar Junction,47,6,17/11/2019
Beer - Camerons Cream Ale,acollingworthd8@ucsd.edu,6531212541,1883 Corry Center,137,6,02/05/2015
Piping - Bags Quizna,cvenessd9@wp.com,1014656078,91548 Elka Avenue,44,9,20/04/2021
Broom And Broom Rack White,kneeveda@imdb.com,4425618010,700 Del Mar Alley,29,4,12/06/2015
Sauce - Plum,tgulleforddb@spotify.com,3338701823,50632 Bayside Point,12,6,19/08/2021
Bread - Sticks- Thin- Plain,dkenefordedc@themeforest.net,5016636182,482 Commercial Street,94,8,04/11/2022
Wine - Niagara-vqa Reisling,cdaviouddd@wired.com,7216144156,51 Rowland Road,40,1,16/01/2024
Tandoori Curry Paste,dwinspurde@slashdot.org,7365452961,30624 Jenifer Crossing,123,8,11/04/2023
Sprite - 355 Ml,alehriandf@youtube.com,3899552611,28606 Hansons Alley,126,8,10/12/2018
Broccoli - Fresh,anoonandg@soundcloud.com,9558971337,43 Sugar Park,22,8,06/07/2019
Bar Nature Valley,cwolforddh@imdb.com,1309080426,5785 Swallow Way,137,3,05/03/2021
Pate - Peppercorn,lrushmerdi@sbwire.com,3036414192,98 Walton Plaza,35,7,09/01/2015
Sugar - Crumb,zclemmensendj@deviantart.com,8234204684,5356 Meadow Vale Park,120,2,03/04/2018
V8 Splash Strawberry Kiwi,jhatcharddk@eventbrite.com,8972368764,0 Tennyson Road,66,7,19/09/2017
Dried Peach,jstealydl@spiegel.de,6081671714,42908 Northwestern Place,1,10,11/06/2019
Wine - Red- Concha Y Toro,mextancedm@alibaba.com,3802294363,532 Atwood Court,148,3,14/11/2022
Rice - Jasmine Sented,cphillippdn@vkontakte.ru,7241973599,2138 Blue Bill Park Park,143,3,13/12/2018
Cream - 18%,vdaltondo@edublogs.org,3946342545,9 Melby Avenue,122,9,05/08/2021
Artichoke - Hearts- Canned,ntivolierdp@wordpress.com,8591336094,70279 Texas Place,46,10,05/09/2019
Mix - Cocktail Strawberry Daiquiri,ccoselydq@canalblog.com,9552181437,65 Chinook Alley,108,7,28/09/2018
Cheese - Shred Cheddar / Mozza,bconstantinedr@discuz.net,2243276742,9127 Shoshone Park,7,4,19/06/2015
Cheese - Cheddar- Medium,sbrentds@over-blog.com,7534431395,5217 Mcbride Street,35,2,29/07/2019
Bread Ww Cluster,emelwalldt@marriott.com,4517959398,55574 Dwight Trail,148,3,16/05/2019
Milk - 2% 250 Ml,sholylanddu@google.co.jp,2712926083,66 7th Crossing,135,3,31/03/2019
Bread - Roll- Calabrese,lreilingerdv@wired.com,9187269007,5622 Sunfield Place,117,3,08/12/2019
Schnappes Peppermint - Walker,krodriguesdw@bigcartel.com,7044321788,8935 Longview Center,74,3,29/08/2016
Wine - Charddonnay Errazuriz,iolenechandx@google.ca,8942531155,55728 Mifflin Court,70,6,23/09/2015
Potatoes - Mini Red,mhubbertdy@google.pl,3395375823,8 Lukken Trail,64,1,19/08/2023
Beef - Prime Rib Aaa,mocainedz@123-reg.co.uk,4264158042,7 Sycamore Way,108,5,05/01/2022
Melon - Honey Dew,bjillarde0@theguardian.com,6341658165,05079 Mallard Road,96,4,08/09/2020
Venison - Ground,anellise1@umich.edu,1619819445,408 John Wall Drive,88,7,05/04/2019
Tea - Earl Grey,cbanaszewskie2@scribd.com,8353133352,91768 Kim Hill,106,8,25/05/2020
Placemat - Scallop- White,pjerge3@bravesites.com,2792613452,2317 Cardinal Street,39,7,30/08/2015
Parsley - Fresh,pharkene4@comsenz.com,6377079474,51780 Coolidge Court,149,0,10/08/2016
Wine - White- Cooking,rquinnettee5@wunderground.com,8719518002,317 Hoepker Trail,103,4,01/11/2016
Apricots - Halves,akewishe6@bigcartel.com,2085532777,786 Independence Court,109,3,08/10/2014
French Pastry - Mini Chocolate,klarozee7@boston.com,1941380538,53 8th Place,31,8,04/08/2018
Jam - Apricot,dwalerane8@pbs.org,1636706197,153 Melrose Street,82,6,07/11/2021
Bread - White Epi Baguette,dtoppese9@gmpg.org,9894032030,5 Eastwood Crossing,58,5,15/06/2022
Sugar - White Packet,mphilbinea@amazonaws.com,4009820216,12 Straubel Center,96,5,02/03/2023
Bread - Bistro Sour,wchattoeeb@shinystat.com,3211590825,6 Clyde Gallagher Drive,12,1,09/08/2015
Pie Shell - 5,cmcianec@cocolog-nifty.com,9092803760,870 Mariners Cove Park,38,7,09/04/2022
Cheese - Cambozola,mdjuriciced@t-online.de,4253375498,818 Declaration Way,72,6,12/11/2016
Soy Protein,dtidcombee@over-blog.com,9876698187,72987 Reinke Plaza,31,1,07/05/2021
Chicken - Livers,ofelipef@oakley.com,1863064361,4 Gerald Place,25,5,13/11/2021
Beef - Chuck- Boneless,astoditeg@census.gov,5848229352,8167 Northridge Court,71,10,11/01/2021
Nescafe - Frothy French Vanilla,spegrameh@so-net.ne.jp,6875560179,4 Eastwood Road,71,10,18/11/2022
Chips Potato Swt Chilli Sour,raveriesei@webnode.com,9035804252,19 Orin Crossing,49,1,04/03/2022
Muffin Chocolate Individual Wrap,nvasyaginej@europa.eu,9562858815,81 Carpenter Parkway,134,8,01/03/2016
Muffin Mix - Corn Harvest,dbernardinoek@ning.com,6308510774,21 Beilfuss Plaza,110,1,21/10/2021
Eggroll,fnorridgeel@mayoclinic.com,7322753326,93 West Point,27,1,26/08/2017
Pork - Loin- Center Cut,zflowerdewem@cisco.com,2647263913,6384 Shoshone Park,9,5,14/09/2019
Wine - Vineland Estate Semi - Dry,fbruckneren@feedburner.com,5387629041,73 Mayer Pass,122,0,06/01/2017
Vodka - Moskovskaya,ctudhopeeo@technorati.com,2009299042,90 Messerschmidt Trail,144,4,19/03/2020
Cornish Hen,mtriswellep@ucoz.com,6043878026,49670 Carpenter Lane,70,3,22/09/2015
Pike - Frozen Fillet,atarplyeq@hibu.com,1973898333,41 Monument Place,86,3,04/02/2022
Carbonated Water - Cherry,dblakeborougher@unc.edu,2577262448,33339 Summerview Alley,18,7,15/03/2016
Salmon - Fillets,ccoees@360.cn,1299488873,7252 Kinsman Circle,2,0,30/06/2023
Flour - Masa De Harina Mexican,hbeckenhamet@ustream.tv,1191969905,2387 Oriole Trail,127,2,10/12/2022
Pork - Bacon Cooked Slcd,elangthorneu@usda.gov,8893535450,11 Valley Edge Parkway,107,8,13/06/2021
Ice Cream - Life Savers,sregoev@de.vu,6505303052,552 Sheridan Junction,102,5,29/01/2017
Lidsoupcont Rp12dn,rgantew@disqus.com,5126870885,57966 Graedel Way,10,9,11/12/2020
Quinoa,mvispoex@histats.com,2416646772,4500 Londonderry Terrace,104,5,08/01/2019
Goat - Leg,mkoppesey@jalbum.net,9469538754,5 Gulseth Drive,79,2,13/10/2017
Wine - Harrow Estates- Vidal,dlosekeez@squarespace.com,7626777905,225 Manufacturers Trail,1,7,02/09/2017
Sauce - White- Mix,mdearlef0@youtu.be,2637590198,16872 Arapahoe Terrace,93,7,22/09/2014
Sobe - Orange Carrot,kconibeerf1@discovery.com,2522064721,6 Graedel Street,63,5,04/05/2020
Dried Figs,lyakebowitchf2@twitpic.com,3318033361,1 Darwin Pass,59,7,22/06/2014
Cheese - Feta,psimonssonf3@tumblr.com,6253526470,2 Hansons Road,123,6,20/01/2024
Lentils - Green Le Puy,arothwellf4@unicef.org,7246120585,05 Bowman Junction,63,0,08/09/2023
Cheese - Asiago,mullettf5@wunderground.com,1606271661,761 Pine View Place,7,0,13/07/2016
Napkin - Cocktail-beige 2 - Ply,agilliof6@fotki.com,2208933470,3 Laurel Pass,59,9,08/06/2020
Coffee - Frthy Coffee Crisp,rbugdellf7@google.it,5629862573,81 Tony Park,147,8,13/10/2019
Beef - Short Ribs,ctattersf8@scientificamerican.com,7513255374,30839 Laurel Junction,135,7,23/07/2023
Yokaline,emccreadyf9@smugmug.com,6553323125,33 Memorial Point,89,7,17/09/2016
Plate Pie Foil,jruppelefa@spiegel.de,7885196317,4730 Lakeland Park,36,2,07/04/2021
Squash - Pattypan- Yellow,ntyrwhittfb@meetup.com,8485245569,089 Comanche Drive,80,0,07/01/2021
Tomatoes - Plum- Canned,chargravesfc@ebay.co.uk,1736827334,93 Grover Plaza,51,6,17/06/2023
Tomatoes,lmelarkeyfd@usnews.com,6413760955,00 Sutteridge Avenue,65,3,01/11/2014
Squash - Butternut,ccritchardfe@irs.gov,5865093593,3 Scoville Pass,3,5,12/09/2014
Wine - Dubouef Macon - Villages,gbasekeff@mozilla.com,8583972247,48 Weeping Birch Court,82,10,03/01/2024
Soup - Campbells Mac N Cheese,kcoulefg@miitbeian.gov.cn,8106236712,07 Lyons Circle,64,2,14/07/2014
Pasta - Shells- Medium- Dry,gdudleyfh@indiegogo.com,7679393064,51 Darwin Circle,80,7,24/07/2021
Nut - Pecan- Halves,nfonzofi@earthlink.net,1501840184,786 Bellgrove Hill,81,5,08/03/2023
Bread - Rosemary Focaccia,jabsonfj@ucoz.com,3235408339,73 Ramsey Way,54,5,29/10/2018
Melon - Honey Dew,csargintfk@php.net,5165461200,090 Vahlen Road,12,5,18/06/2016
Napkin - Beverage 1 Ply,rgarwoodfl@shareasale.com,2479793349,560 Helena Terrace,28,5,19/01/2018
Sterno - Chafing Dish Fuel,rspeekfm@booking.com,1571805448,3508 Dunning Lane,120,3,28/08/2021
Soup - Campbells Asian Noodle,lbalnavefn@google.nl,8569546955,74 Derek Parkway,67,6,13/02/2015
Chicken - Whole Roasting,myitzoviczfo@businessinsider.com,7074683237,64386 Meadow Vale Way,130,1,13/07/2022
Water Chestnut - Canned,cchalcroftfp@dmoz.org,3726431428,9 Mendota Road,42,10,28/07/2019
Napkin - Beverge- White 2 - Ply,gwoodlandfq@jigsy.com,7171104214,05 Dottie Terrace,18,0,12/03/2015
Soup - Campbells- Chix Gumbo,jgraylandfr@examiner.com,3009083191,22199 North Place,99,0,14/05/2014
Wine - Magnotta- White,dohenehanfs@apple.com,5166690767,6480 Cardinal Trail,149,8,23/08/2020
Cake - Bande Of Fruit,efenixft@auda.org.au,3284811881,3038 Pine View Drive,44,6,12/09/2015
Pork - Shoulder,fjurkiewiczfu@fotki.com,8916049950,9471 Sunnyside Road,74,2,07/02/2020
Muskox - French Rack,meayrsfv@biblegateway.com,7654530334,05 Hoard Circle,6,1,27/06/2022
Momiji Oroshi Chili Sauce,lfearfullfw@netlog.com,8287731754,3 Farragut Alley,135,7,11/07/2016
Butter - Unsalted,ldyzartfx@jiathis.com,1434601523,548 Rigney Pass,14,4,02/08/2019
Wine - Pinot Noir Latour,hharkinsfy@ca.gov,5207066575,841 Crownhardt Avenue,9,3,18/05/2019
Salt - Seasoned,klegricefz@businesswire.com,9543759321,759 Veith Point,116,8,21/12/2023
Wine - White- Ej,afitzjohng0@bizjournals.com,7818005995,6 Springs Plaza,121,5,07/01/2017
Beer - Original Organic Lager,jviceg1@privacy.gov.au,4513184350,915 Fulton Junction,126,4,04/10/2015
Bread Base - Italian,bkleinberg2@tamu.edu,5253090584,653 Warrior Pass,76,0,13/03/2016
Sausage - Meat,predmellg3@state.gov,8035194005,81771 Birchwood Plaza,66,5,27/03/2023
Shrimp - 150 - 250,wreltong4@globo.com,5192651227,4135 Old Shore Plaza,28,10,19/06/2023
Bread - Rolls- Rye,csherstong5@jiathis.com,5259509499,4 Debs Crossing,114,2,31/07/2022
Fireball Whisky,hrosleg6@mayoclinic.com,1816984371,1 Havey Circle,18,1,20/05/2020
Kiwi Gold Zespri,nterrisg7@hubpages.com,5156075646,9 Petterle Park,72,8,03/05/2023
Veal - Inside- Choice,gstollenbeckerg8@quantcast.com,3356619152,6830 Lake View Avenue,74,7,17/03/2020
Salad Dressing,tmcaleesg9@cafepress.com,7633481848,792 Onsgard Plaza,33,5,22/05/2020
Parsnip,cbloxsomega@businessinsider.com,9986565344,813 Bellgrove Pass,83,2,13/10/2016
Water- Tap,bdollargb@discuz.net,6707483142,4598 Vermont Avenue,46,5,26/04/2021
Bread Sour Rolls,lholthamgc@netscape.com,7281258473,7665 Luster Lane,106,1,07/11/2021
Sprouts - Peppercress,dzupogd@cocolog-nifty.com,7559750344,5 Merchant Street,126,8,31/12/2015
Chips - Doritos,cscudge@nyu.edu,1608008212,5 Gina Center,19,2,29/07/2018
Lentils - Green- Dry,czoephelgf@discuz.net,2386511743,2511 Toban Hill,122,5,06/01/2022
Wine - Beaujolais Villages,acrosskillgg@webeden.co.uk,7824276832,425 Schurz Hill,118,10,16/08/2020
Fenngreek Seed,rsallinggh@telegraph.co.uk,5983592378,941 Swallow Trail,117,4,26/07/2015
Muffin Hinge 117n,jcolicotgi@jiathis.com,2968836937,31136 Roxbury Avenue,61,0,02/08/2016
Bacardi Limon,hmazzeogj@bigcartel.com,4158440773,74929 Reindahl Drive,1,4,07/12/2016
Milk - Condensed,bnapiergk@cisco.com,6185115355,5 Sachs Trail,85,4,16/03/2018
Ginger - Ground,cgladtbachgl@samsung.com,8327416571,069 2nd Pass,124,4,02/09/2021
Asparagus - White- Fresh,tsellorgm@sfgate.com,6461823181,59 La Follette Junction,3,4,14/03/2022
Dawn Professionl Pot And Pan,bdawtongn@statcounter.com,9495511691,0 Melby Court,70,4,28/06/2016
Squash - Guords,ahawkeridgego@tripod.com,5501253842,25 Cardinal Road,113,6,20/12/2019
Lettuce - Frisee,agreasleygp@vistaprint.com,7943543841,11 Larry Park,35,7,31/12/2021
Peppercorns - Green,jhawgq@marriott.com,7248237370,87506 Sugar Junction,138,0,03/01/2018
Bread - 10 Grain Parisian,mgeistmanngr@oakley.com,3556005737,2891 Scofield Trail,76,0,17/01/2019
Chips Potato Salt Vinegar 43g,ghenrysgs@webeden.co.uk,1203718712,167 Milwaukee Center,47,5,20/11/2016
Oil - Shortening - All - Purpose,ystarbuckegt@wired.com,2411072091,5 Luster Parkway,150,5,17/08/2016
Tomatoes - Cherry- Yellow,bpantergu@hc360.com,5515117252,0 Pleasure Center,32,9,12/01/2014
Capers - Pickled,cmatthewsongv@twitpic.com,3909052239,360 Steensland Place,143,9,16/06/2015
Cheese - Brie- Triple Creme,gseiffertgw@comsenz.com,1427847347,07 Express Road,102,0,14/11/2017
Juice - Lemon,svanyushkingx@exblog.jp,5902195606,06780 Schurz Street,93,9,01/04/2019
Cod - Black Whole Fillet,bjovanovicgy@ucla.edu,5211976231,5 Buell Circle,74,2,18/07/2020
Carbonated Water - Raspberry,lyounglovegz@barnesandnoble.com,6544078997,16932 Ramsey Avenue,129,5,18/05/2023
Oil - Sesame,zwetternh0@digg.com,5705803455,710 Cambridge Terrace,6,2,01/02/2021
Flour - Strong,jlaphamh1@bandcamp.com,8815900421,1574 Autumn Leaf Avenue,92,0,21/06/2015
Milk - Condensed,srusth2@odnoklassniki.ru,5591237207,57 Holy Cross Parkway,41,10,07/10/2023
Tea Leaves - Oolong,kslogroveh3@wikia.com,8846963382,983 Transport Terrace,40,10,23/04/2015
Cheese - Stilton,tcusth4@huffingtonpost.com,2953381510,8909 Vidon Parkway,63,1,02/12/2017
Wine - Chablis 2003 Champs,knewbatth5@plala.or.jp,5796414412,3967 Holmberg Park,139,6,19/05/2015
Cookie Dough - Chunky,mregitzh6@aboutads.info,4752079389,9 Shasta Place,81,4,19/10/2021
Cheese Cloth No 60,cwootonh7@privacy.gov.au,1034855088,806 Shasta Park,113,4,15/07/2014
Shallots,pjansah8@blogs.com,3352737970,38 Hanover Circle,88,7,07/09/2016
Lemon Grass,rmalcolmh9@wordpress.org,6596094859,03 Talmadge Parkway,56,5,07/07/2016
Asparagus - White- Canned,nulyattha@wufoo.com,2143171575,318 Delaware Avenue,115,1,31/03/2014
Coconut - Whole,jhillhb@yahoo.co.jp,7377148014,2 Butternut Street,66,1,04/09/2017
Cheese - Victor Et Berthold,mmccaheyhc@ft.com,5153368890,89594 Delaware Plaza,38,7,24/10/2022
Carbonated Water - Lemon Lime,snemchinovhd@bbc.co.uk,1004186870,1 Tony Center,94,3,07/02/2024
Beef - Baby- Liver,jbrienhe@privacy.gov.au,5132200980,85 Schurz Trail,130,6,02/05/2023
Lobster - Tail- 3 - 4 Oz,ahullinhf@1688.com,6507350199,206 Lakewood Gardens Place,121,6,15/02/2019
Saskatoon Berries - Frozen,jpelosihg@digg.com,6923481850,07003 Butternut Trail,43,3,14/04/2020
Papadam,asleighthh@google.cn,6626803651,6 Ridge Oak Plaza,23,5,14/04/2022
Carbonated Water - Blackberry,dlindehi@a8.net,8647529321,554 Ronald Regan Avenue,2,8,14/09/2014
Table Cloth 54x72 Colour,lreddochhj@yahoo.com,8685866274,01 Waubesa Pass,21,7,06/01/2017
Turkey - Breast- Boneless Sk On,sfinlaterhk@slideshare.net,5871701098,30 2nd Hill,89,10,24/01/2015
Milk - Chocolate 500ml,djemmetthl@weebly.com,7432954068,9304 International Lane,73,3,17/12/2018
Pepper - Red Bell,hstickelshm@usatoday.com,5562916809,8013 Hallows Avenue,147,0,22/04/2023
Shrimp - Baby- Warm Water,rwyrillhn@nasa.gov,5013086839,830 Northwestern Way,112,4,11/01/2024
Chicken - Tenderloin,wkarlqvistho@cam.ac.uk,4309197588,87 Haas Plaza,124,1,25/09/2023
Figs,afarhertyhp@irs.gov,4432019861,1700 Mesta Lane,142,8,22/05/2016
Lentils - Green- Dry,rgilliathq@admin.ch,5062677489,460 School Hill,17,4,11/04/2016
Pepper - Paprika- Hungarian,mpopelayhr@dedecms.com,5387358746,1811 Barnett Park,119,1,18/11/2014
Appetizer - Southwestern,dimesonhs@dion.ne.jp,1602058064,198 Novick Crossing,105,4,29/06/2017
Island Oasis - Mango Daiquiri,ashrimplinht@netlog.com,6036055503,6995 Glacier Hill Drive,129,0,22/01/2021
Chef Hat 20cm,bhuftonhu@sphinn.com,5674486352,8256 Toban Pass,105,1,07/01/2018
Appetizer - Crab And Brie,dprewerhv@samsung.com,6968746654,581 Manitowish Crossing,6,2,16/06/2019
Wine - Sicilia Igt Nero Avola,imogglehw@sogou.com,7596598900,562 7th Point,83,7,22/07/2019
Monkfish Fresh - Skin Off,zredfernehx@sciencedaily.com,3985675197,5766 Mallory Parkway,6,6,18/09/2020
Bag - Bread- White- Plain,dofairyhy@ft.com,3393972985,0 Utah Avenue,36,9,01/12/2014
Trout - Rainbow- Frozen,egeachhz@g.co,5853899511,6 Comanche Alley,60,8,18/07/2019
Wine - White- Colubia Cresh,ksabateri0@github.com,5799184290,8 Saint Paul Crossing,127,0,13/06/2014
Beef - Bresaola,ddunlopi1@wsj.com,8247387525,51 Mcguire Junction,150,4,20/06/2022
Oyster - In Shell,alouthei2@unesco.org,7905567814,9289 Graedel Trail,97,9,13/12/2014
Garbage Bag - Clear,cupshalli3@sun.com,8724992661,5 Delladonna Point,25,9,02/06/2014
Cornflakes,rubsdalei4@gravatar.com,9869638366,9 2nd Crossing,98,2,25/10/2019
Wine - Vidal Icewine Magnotta,pbelisoni5@bigcartel.com,8898260338,50609 Commercial Parkway,17,5,13/07/2021
Pineapple - Golden,fronchkai6@mail.ru,4349014959,821 Artisan Terrace,144,2,26/03/2020
Muffin Mix - Raisin Bran,cdanilovitchi7@craigslist.org,2762700389,54 Transport Road,12,8,24/01/2018
Syrup - Chocolate,akuzmai8@bloomberg.com,4473377068,871 Fuller Lane,18,5,11/10/2017
Vinegar - White,mtalbyi9@forbes.com,9961910987,351 Hovde Trail,124,1,13/08/2022
Beef Flat Iron Steak,gbrowettia@creativecommons.org,5634365618,4812 Melrose Junction,141,3,09/02/2016
Ocean Spray - Kiwi Strawberry,epavekib@posterous.com,4353360772,2668 Grover Way,145,0,24/04/2014
Cheese - Manchego- Spanish,cedlingtonic@dell.com,9161457065,104 Shoshone Pass,25,4,30/09/2017
Mini - Vol Au Vents,lblakedenid@purevolume.com,5013553863,40 Declaration Street,11,6,29/06/2014
Beef - Montreal Smoked Brisket,egwillimie@disqus.com,7865777831,445 Little Fleur Avenue,142,7,08/07/2022
Wine - Niagara-vqa Reisling,mgoldhillif@usnews.com,6085816475,3 Grim Circle,49,9,11/06/2019
Beef - Ground Medium,mramshayig@netscape.com,1937484478,5094 Veith Park,60,3,01/12/2014
Wine - Crozes Hermitage E.,eferrucciih@irs.gov,2398884741,5 Badeau Avenue,20,9,12/01/2024
Pur Source,kkynastonii@dell.com,7276656572,594 Coleman Alley,133,5,13/05/2022
Glove - Cutting,eoxenburyij@cloudflare.com,1397190987,59 Monica Avenue,4,5,02/11/2017
Bagel - Sesame Seed Presliced,tfilyashinik@nyu.edu,9406348929,28568 Atwood Alley,117,4,22/04/2021
Beef Flat Iron Steak,bpullinil@usa.gov,3387489461,547 Havey Plaza,47,5,14/03/2022
Cauliflower,bmcquiltyim@paginegialle.it,6068707699,9 Holy Cross Drive,21,5,20/06/2016
Piping - Bags Quizna,clamkinin@china.com.cn,5171451676,82097 Mosinee Drive,125,9,24/11/2016
Sauce - Cranberry,fgynnio@1und1.de,7743673411,63932 Bunting Circle,60,8,23/01/2022
Compound - Mocha,rhantuschip@irs.gov,1665328873,094 Monterey Circle,114,2,13/02/2018
Wine - Lamancha Do Crianza,lmiramsiq@soundcloud.com,6023415145,520 Cambridge Road,119,3,20/12/2020
Wine - Baron De Rothschild,csaenzir@jalbum.net,5755997242,4502 Meadow Vale Hill,20,8,25/04/2015
Cheese - Brie-danish,blundonis@latimes.com,2943044425,3419 Pond Place,76,7,08/04/2014
Ezy Change Mophandle,givicit@weibo.com,1478757128,2751 Muir Hill,18,7,13/07/2021
Soup - Campbells Tomato Ravioli,htitcheneriu@barnesandnoble.com,4714114813,279 Canary Street,73,0,10/12/2014
Octopus,ohayleyiv@soup.io,4156342628,31 Vernon Street,26,9,10/02/2017
Steel Wool,nbruyettiw@ebay.com,8531596938,0237 Sage Trail,18,3,09/02/2016
Tart Shells - Savory- 2,pcreenanix@goodreads.com,2584893661,986 Mandrake Place,119,3,10/11/2019
Lid - 0090 Clear,dvakhloviy@parallels.com,8525697906,79742 Prairieview Crossing,99,9,16/04/2023
Rappini - Andy Boy,kklyneriz@skype.com,2413206099,3769 Harbort Junction,108,8,06/11/2022
Crush - Grape- 355 Ml,whasseyj0@prweb.com,6533074660,0 Rutledge Alley,122,0,25/01/2018
Muffin Carrot - Individual,uconachiej1@uiuc.edu,1743536468,0 7th Place,124,1,24/08/2018
Milk Powder,rinskippj2@mayoclinic.com,2711703531,137 Village Green Place,101,4,04/07/2023
Lettuce - Frisee,rwauchopej3@1und1.de,6807425488,02 Oriole Drive,77,5,01/10/2016
Oil - Hazelnut,hsuattj4@hao123.com,5635782606,716 Commercial Place,51,10,11/06/2022
Bread - Italian Sesame Poly,egrishanovj5@tuttocitta.it,3719974909,11 Towne Court,92,7,09/02/2014
Beans - Long- Chinese,mvidyapinj6@dailymail.co.uk,3271864114,05483 Harper Point,3,0,09/10/2019
Avocado,jdymentj7@angelfire.com,2826894688,7 Northland Road,136,7,01/02/2024
Pork - Shoulder,ahalegarthj8@amazon.com,8275823345,6422 Twin Pines Hill,134,3,02/03/2016
Lettuce - Lolla Rosa,ctrenamanj9@photobucket.com,2852209080,11 Duke Circle,58,10,28/08/2014
Longos - Grilled Salmon With Bbq,gbehneja@reuters.com,3255695172,662 Forest Run Way,64,3,17/11/2022
Appetizer - Asian Shrimp Roll,dbosomworthjb@nih.gov,2619631149,9530 American Junction,117,3,05/11/2014
Turkey Leg With Drum And Thigh,dbirtonshawjc@prnewswire.com,2729546103,56 Shelley Point,77,7,11/11/2015
Stock - Beef- White,awynejd@sakura.ne.jp,5803915354,9556 Union Point,39,4,23/06/2016
Table Cloth 54x72 Colour,lerrolje@360.cn,9019757116,0 Monica Road,79,2,21/07/2021
Chocolate - Milk- Callets,sordishjf@ocn.ne.jp,2545382171,5 Northwestern Alley,64,10,30/06/2019
Quail - Whole- Boneless,rcurmjg@deliciousdays.com,8202308760,4142 Old Gate Hill,82,1,30/11/2018
Water - San Pellegrino,nmaphamjh@google.fr,4285997898,38648 Kensington Lane,64,6,04/06/2019
Juice - Orange- 341 Ml,agrangierji@chron.com,8945694680,68079 Sullivan Trail,80,10,18/05/2019
Garbage Bags - Black,sferreojj@virginia.edu,4183777717,567 Anzinger Junction,5,2,05/07/2018
Sobe - Orange Carrot,emattheisjk@google.co.jp,3749174227,51874 Blaine Drive,32,1,16/10/2020
Soup - Verve - Chipotle Chicken,llubejl@blinklist.com,3934526518,5 Ruskin Avenue,11,4,08/05/2021
Zucchini - Yellow,ogratrixjm@smugmug.com,5938151219,82 Sullivan Parkway,71,7,10/11/2015
Tuna - Loin,icarinejn@hao123.com,1018820449,32331 Almo Lane,119,4,27/05/2016
Bread - Rolls- Rye,tsafhilljo@wikipedia.org,2989519118,4 Florence Way,31,5,15/03/2020
Pork - Caul Fat,efaveyjp@google.nl,9579879607,69 Charing Cross Center,110,3,01/01/2021
Lotus Leaves,dmochanjq@free.fr,8136641999,35874 Pleasure Pass,132,7,31/03/2019
Compound - Orange,mtringhamjr@bizjournals.com,8643312238,38 Kenwood Place,115,10,26/01/2019
Mini - Vol Au Vents,hmacbainjs@godaddy.com,1668330669,8635 Pawling Road,148,10,03/11/2014
Pork - Shoulder,fmccarthyjt@wikia.com,8935116402,5 Fallview Crossing,59,6,15/03/2021
Bread - Frozen Basket Variety,aallibandju@istockphoto.com,5717211495,194 Lien Crossing,106,5,06/02/2019
The Pop Shoppe - Black Cherry,jbeckeyjv@si.edu,9909497710,21 Scoville Way,78,1,18/09/2020
Juice - Tomato- 48 Oz,tbestimanjw@weibo.com,2011669721,5 Corry Drive,37,3,16/06/2014
Foil Cont Round,tdermottjx@nature.com,8444126524,9614 Marquette Hill,69,0,26/12/2022
Swordfish Loin Portions,abernholtjy@tripod.com,2634060657,5 Shoshone Circle,150,3,25/07/2022
Lettuce Romaine Chopped,ccoldhamjz@plala.or.jp,7194389258,31 Maple Avenue,28,4,01/02/2019
Orange - Tangerine,tbramptonk0@mediafire.com,5136498113,8576 Brown Plaza,78,10,24/09/2023
Phyllo Dough,rcook1@wikipedia.org,3186628908,3 Barby Hill,150,9,30/03/2016
Soup V8 Roasted Red Pepper,lmcmakink2@vistaprint.com,2239370045,80 Twin Pines Street,10,0,24/09/2014
Pancetta,jchrstinek3@craigslist.org,6785303677,990 Center Point,115,5,14/10/2017
Mint - Fresh,fpleacek4@bloglovin.com,5931059177,36639 Del Sol Place,70,6,04/11/2021
Chocolate Bar - Oh Henry,tvanyakink5@utexas.edu,1425890328,15559 Fuller Pass,113,4,29/05/2023
Chicken Breast Halal,ncafek6@marketwatch.com,7316101422,0 Walton Terrace,40,2,18/11/2021
Soup Campbells Beef With Veg,bweddellk7@washingtonpost.com,9119818143,8795 Starling Way,61,6,23/09/2023
Wine - Tio Pepe Sherry Fino,gduferk8@i2i.jp,5946287630,66 Hauk Avenue,146,4,28/07/2020
Beef - Striploin Aa,alightowlersk9@mashable.com,3364449399,633 Center Circle,72,4,20/02/2019
Pork - Sausage- Medium,rgwynka@wp.com,5501741073,6 Lake View Hill,126,0,24/07/2021
Lettuce - Radicchio,dgreserkb@craigslist.org,8041113721,88 Reindahl Trail,26,10,21/07/2021
Trout - Rainbow- Fresh,ccheckettskc@taobao.com,3603262321,75443 Loeprich Lane,114,2,17/08/2023
Truffle Cups - Red,bbridgwaterkd@sakura.ne.jp,4123619987,6707 Oneill Way,118,10,27/04/2020
Pie Filling - Cherry,ebishopke@fda.gov,4561030349,561 Tony Alley,26,10,17/11/2019
Country Roll,lurlingkf@sphinn.com,4484024547,93 Vahlen Drive,78,8,06/06/2018
Pork - Bacon- Double Smoked,btrundlerkg@google.es,5692175113,61616 Derek Place,89,5,04/04/2021
Vaccum Bag - 14x20,dpawelskh@jiathis.com,7376725076,37 Red Cloud Way,76,10,21/07/2023
Sprouts - Brussel,jdartnallki@washingtonpost.com,4745043996,9234 Lindbergh Street,83,8,09/07/2019
The Pop Shoppe - Root Beer,vsaphirkj@infoseek.co.jp,5811916470,560 Elka Way,102,1,05/05/2019
Vodka - Smirnoff,ftarneykk@goo.gl,5595708995,39 Sloan Alley,123,8,15/08/2016
Turkey - Whole- Fresh,kolerenshawkl@blinklist.com,5737331979,89 Twin Pines Junction,49,10,31/01/2023
Chef Hat 25cm,ldomeniconekm@deviantart.com,2622576733,889 La Follette Junction,114,8,19/09/2016
Crackers - Trio,tmartynskn@statcounter.com,9359026966,1 Superior Place,79,5,26/04/2020
Wanton Wrap,mphillipko@amazon.com,2938203019,17 Corry Court,119,4,15/01/2018
Arctic Char - Fresh- Whole,lgrierkp@myspace.com,7719447690,285 Steensland Road,105,2,22/08/2018
Trout - Hot Smkd- Dbl Fillet,ctomkowiczkq@vimeo.com,6733831657,148 Pankratz Pass,143,8,12/10/2020
Salmon - Sockeye Raw,esunmankr@goodreads.com,9753815275,2347 Washington Pass,129,3,03/04/2015
Seedlings - Mix- Organic,johoolahanks@etsy.com,4988738308,1052 Pepper Wood Crossing,80,8,08/07/2021
Carrots - Mini Red Organic,cnewartekt@imageshack.us,2833340235,92 New Castle Trail,22,1,23/09/2014
Wine - Chianti Classico Riserva,mgreveku@imgur.com,7629087296,872 Lerdahl Circle,40,5,02/09/2018
Pepper - Chili Powder,cwapleskv@nymag.com,2846642754,1 Manley Street,83,3,19/08/2015
Bread - Rosemary Focaccia,rwapleskw@webmd.com,4764240341,4887 Nova Pass,115,6,09/12/2016
Salmon - Canned,shegartykx@google.it,3839857247,93254 Main Plaza,20,8,05/12/2020
Spice - Greek 1 Step,lohalleghaneky@illinois.edu,4118558729,13881 Schiller Way,34,8,12/03/2020
Coffee Guatemala Dark,nhedinghamkz@scribd.com,9728034248,87450 Loomis Circle,138,9,26/07/2015
Carroway Seed,mtookl0@free.fr,3418059295,05 Barby Junction,29,2,14/11/2016
Vegetable - Base,mquippl1@narod.ru,2684405521,7153 Blue Bill Park Parkway,90,6,15/06/2017
Bread - Rolls- Rye,scuttlesl2@surveymonkey.com,9275253725,3 Glendale Crossing,45,2,27/12/2022
Veal - Round- Eye Of,ugallowayl3@istockphoto.com,6047816234,069 Orin Park,134,4,21/04/2021
Lighter - Bbq,ckuschekl4@jimdo.com,5887858779,1 Mallory Hill,30,2,16/04/2014
Turkey Tenderloin Frozen,fmurkittl5@google.nl,3725121927,846 Loftsgordon Court,29,3,27/10/2018
Wine - Red- Wolf Blass- Yellow,cbrandassil6@list-manage.com,2105567752,198 School Place,42,1,27/03/2018
Water Chestnut - Canned,bsidonl7@imageshack.us,7593836155,19 Ohio Crossing,61,3,17/02/2023
Pasta - Orzo- Dry,jambrogil8@soundcloud.com,7076889761,51 Jana Court,23,4,02/04/2019
Cookie - Oatmeal,vmorfettl9@soundcloud.com,3916654773,9 Hudson Place,121,9,11/04/2016
Sugar - White Packet,tfoucherla@miibeian.gov.cn,9795969831,41 Arapahoe Court,55,2,28/07/2015
Lotus Leaves,scousenslb@netlog.com,7837715987,7281 David Park,39,3,23/10/2022
Sauce - Chili,rtwelveslc@friendfeed.com,3288261672,41 Hazelcrest Trail,100,4,31/05/2014
Russian Prince,oswyerld@oakley.com,4286981827,6171 Norway Maple Crossing,133,4,26/05/2022
Nestea - Iced Tea,tsinderlandle@nba.com,7655398306,2765 Alpine Hill,76,4,14/01/2020
Beans - Black Bean- Preserved,tpickerinlf@fda.gov,2398616086,4647 Springs Road,130,1,18/08/2021
Mustard - Pommery,stremblotlg@typepad.com,9359811834,41299 Towne Point,135,8,01/09/2020
Tomato - Tricolor Cherry,alangsdonlh@studiopress.com,7522587308,1906 Butternut Trail,68,10,03/10/2023
Fruit Mix - Light,cdrynanli@msn.com,8202537765,5103 Spaight Road,118,0,11/11/2015
Capers - Pickled,asprigglj@newyorker.com,3251539160,41 Bunting Circle,84,4,20/01/2023
Graham Cracker Mix,gberkelaylk@ucoz.com,8749100036,8 Dawn Terrace,146,5,21/12/2018
Shrimp - 16/20- Iqf- Shell On,ftredgerll@nytimes.com,4991760020,61 Tomscot Lane,109,8,20/12/2016
Cafe Royale,apavloviclm@ca.gov,9742758445,913 Talmadge Parkway,51,8,25/07/2019
Lid Tray - 16in Dome,ptirkinln@feedburner.com,6964230793,00353 Grim Lane,26,10,12/11/2015
Hummus - Spread,aeddenlo@yellowpages.com,9646937036,12858 Nova Junction,104,6,21/03/2020
Mushrooms - Honey,mcheshirlp@sourceforge.net,2039251640,17912 Gale Circle,20,2,01/03/2023
Clam - Cherrystone,bstoutlq@feedburner.com,5687439547,46899 Scoville Way,33,8,08/10/2014
Soup - Canadian Pea- Dry Mix,edenelr@woothemes.com,1561505149,93466 Karstens Trail,122,9,30/06/2016
Peppercorns - Green,croparsls@weibo.com,6329760226,574 Clarendon Parkway,55,1,16/07/2021
Irish Cream - Butterscotch,fhankslt@reference.com,4747377711,6 Huxley Parkway,100,10,24/01/2019
Peach - Fresh,cwoolertonlu@cargocollective.com,7778451265,92054 John Wall Alley,91,0,22/04/2015
Wine - Chablis 2003 Champs,bszymaniaklv@yelp.com,7458188490,17 Wayridge Court,95,3,17/06/2015
Tuna - Canned- Flaked- Light,kjeffrieslw@pinterest.com,3579916274,1 Morrow Road,99,0,07/04/2019
Eggroll,ncapaldolx@narod.ru,9442936277,95140 Eagan Plaza,130,2,23/07/2014
Wine - Red- Marechal Foch,fsheranly@auda.org.au,5918149470,032 3rd Trail,96,8,08/06/2018
Jicama,djulylz@state.gov,9923105103,89 Kedzie Avenue,135,2,10/10/2016
Wine - Shiraz South Eastern,gaishfordm0@jiathis.com,3781994650,41 Warbler Circle,51,6,04/10/2021
Radish - Black- Winter- Organic,srodrigom1@yellowbook.com,9323434615,45420 Montana Hill,112,4,12/03/2017
Beef - Rouladin- Sliced,rmoverleym2@jugem.jp,9554262487,7 Merchant Circle,64,0,08/06/2016
Tuna - Loin,othoringtonm3@surveymonkey.com,2741717909,59 Carpenter Junction,132,2,23/05/2015
Sauce - White- Mix,mmithonm4@ovh.net,4915349279,0 Redwing Alley,44,1,06/01/2024
Foam Espresso Cup Plain White,pswailem5@gov.uk,7738423803,18608 Dapin Circle,33,10,19/07/2017
Pepper - Chili Powder,ejenteaum6@merriam-webster.com,4057589944,508 Eagle Crest Place,14,7,18/09/2020
Coffee Beans - Chocolate,rtrenfieldm7@discovery.com,3531625012,819 Hanson Drive,90,2,21/08/2019
Olives - Stuffed,ddemeism8@google.de,6213796423,6 Bowman Junction,84,2,15/11/2021
Brownies - Two Bite- Chocolate,lbrickhillm9@live.com,4573673994,1770 Judy Lane,71,8,26/01/2024
Beef - Flank Steak,gkubistama@github.com,9566895715,171 Lunder Trail,73,6,06/03/2022
Pork - Butt- Boneless,teddinsmb@biglobe.ne.jp,1226509591,4417 Novick Trail,144,10,10/07/2014
Flour - So Mix Cake White,dspadellimc@qq.com,7218389046,071 Oakridge Place,61,7,07/01/2020
Grand Marnier,mcoxallmd@ustream.tv,1851501648,0 Clove Court,124,10,11/05/2020
Arrowroot,rhearthfieldme@domainmarket.com,5937656803,779 Northport Drive,141,0,12/09/2018
Flour - Corn- Fine,etearemf@issuu.com,1663320958,48 1st Center,45,1,13/11/2016
Puree - Strawberry,dvedenisovmg@linkedin.com,5195205706,451 Blaine Way,49,0,22/12/2015
Cheese - Brie- Triple Creme,fconingmh@phoca.cz,1764049524,83 Menomonie Court,147,3,14/06/2014
Pepper - Cubanelle,dphilippardmi@nba.com,9565226995,8413 Old Gate Plaza,40,10,25/05/2017
Wine - Guy Sage Touraine,bhancemj@indiatimes.com,4823347264,6 6th Drive,143,4,04/06/2023
Wine - White- Schroder And Schyl,amacgillmk@lycos.com,5895767809,992 Moulton Plaza,92,6,10/07/2020
Soup - Campbells - Tomato,gburnistonml@goo.gl,1101792521,26 Vernon Drive,30,0,18/11/2022
Wine - Valpolicella Masi,rhannabussmm@google.nl,9106669514,305 Browning Avenue,110,7,02/02/2016
Sansho Powder,rferneymn@latimes.com,3375124203,481 Oak Pass,96,5,08/09/2020
Tomatoes - Yellow Hot House,acrosettimo@mit.edu,3881833333,825 Tennessee Park,54,2,22/12/2023
Pate Pans Yellow,plezemeremp@cisco.com,4116174943,1 Arkansas Junction,135,10,18/04/2014
Cognac - Courvaisier,fkembreymq@fotki.com,9656396132,45 Mcguire Parkway,88,3,14/01/2015
Flavouring Vanilla Artificial,iwinskillmr@reddit.com,4462343475,75604 High Crossing Pass,117,0,30/07/2021
Soup Campbells - Italian Wedding,wrobbms@cnbc.com,7311576602,08 Carpenter Alley,8,5,03/02/2022
Shrimp - Black Tiger 13/15,agiacobiliomt@sakura.ne.jp,5202586459,1440 Bunting Park,2,9,09/02/2014
Quail - Whole- Bone - In,emcelvoguemu@artisteer.com,6359235068,953 Lien Way,44,9,08/09/2021
Ecolab - Power Fusion,tkencottmv@google.co.uk,5865350785,92601 Lunder Drive,46,3,21/05/2018
Pear - Asian,wgariemw@ovh.net,1603399848,88520 Kingsford Street,61,2,28/10/2021
Rum - Spiced- Captain Morgan,mmccomiskeymx@spotify.com,5207421304,62074 Westridge Road,135,8,29/05/2017
Vegetable - Base,lmeltetalmy@parallels.com,1755570287,26947 8th Plaza,134,9,11/10/2020
Jam - Apricot,ntresisemz@theatlantic.com,2044150709,7637 Redwing Drive,111,1,13/05/2023
Sauce - Gravy- Au Jus- Mix,pocridigann0@hhs.gov,7823469402,9 Comanche Pass,51,5,22/11/2023
Nut - Walnut- Chopped,rgillogleyn1@1und1.de,4054886370,3371 Anderson Crossing,26,1,04/11/2022
Flour - Strong,gmckeachien2@cloudflare.com,8054096168,36270 Pearson Lane,10,6,06/01/2018
Wine - Rioja Campo Viejo,oschimpken3@archive.org,7579627614,804 Mcguire Park,58,10,27/02/2022
Tarragon - Primerba- Paste,dbutrimovichn4@nih.gov,6877339157,2 Laurel Center,47,8,07/04/2022
Lettuce - Green Leaf,pmacivern5@google.ca,3908366364,10132 Bonner Hill,43,8,06/06/2021
Yeast - Fresh- Fleischman,lantoszczykn6@ovh.net,3762159157,93991 Ilene Pass,76,7,12/04/2021
V8 Splash Strawberry Banana,bbacupn7@earthlink.net,5496587684,23 Veith Road,75,6,08/08/2014
Potatoes - Mini White 3 Oz,badamovichn8@stumbleupon.com,3846244958,1343 Jenifer Circle,126,9,24/08/2022
Coffee - Espresso,hashbrookn9@mozilla.org,9216130727,0 6th Crossing,20,1,20/05/2018
Jolt Cola,fknockerna@xrea.com,8576745718,8 Burrows Pass,121,3,23/07/2022
Dc - Frozen Momji,amcgruarnb@wunderground.com,6244318937,0184 High Crossing Terrace,79,10,19/03/2016
Onions - Pearl,ecortonnc@ucsd.edu,9416965228,0 Gerald Parkway,73,6,26/12/2022
Squash - Butternut,gstilingnd@phpbb.com,6443699391,01 Barby Alley,149,0,25/03/2017
Wine - Lou Black Shiraz,nhurndallne@rediff.com,2268041419,29 Cambridge Center,39,2,06/10/2020
Cattail Hearts,lsambellnf@hp.com,3032935986,563 Huxley Lane,106,9,17/05/2016
Steel Wool,atommeing@home.pl,9098996265,57 Delladonna Road,147,10,16/07/2018
Cake - Cheese Cake 9 Inch,dboatwrightnh@blogtalkradio.com,3564444126,93243 Veith Crossing,92,3,14/07/2022
Tomatoes - Diced- Canned,fcorpni@prweb.com,3145755243,79 Forest Run Court,95,0,10/08/2015
Hickory Smoke- Liquid,iwestmarlandnj@yellowbook.com,2011149887,54604 Shasta Avenue,87,3,05/03/2021
Wine - Red- Concha Y Toro,jvangeffennk@ed.gov,4081419384,41805 Northview Parkway,99,4,25/11/2017
Cut Wakame - Hanawakaba,jdunthornnl@wordpress.org,8614347250,5608 Mariners Cove Parkway,53,3,05/04/2021
Grapes - Red,ffitkinnm@noaa.gov,6479909958,4222 Ohio Drive,60,1,17/12/2023
Silicone Paper 16.5x24,sfranznn@tuttocitta.it,6251571160,51 Mosinee Trail,8,2,03/02/2015
Spice - Montreal Steak Spice,fcareno@biglobe.ne.jp,1109691621,44 Meadow Vale Center,79,6,30/04/2020
Coffee - Almond Amaretto,eroberdsnp@illinois.edu,5073825718,08319 Eastwood Point,104,1,26/09/2016
Spoon - Soup- Plastic,elippiellonq@microsoft.com,2334056178,28322 Lakewood Plaza,106,3,30/04/2018
Cherries - Bing- Canned,cleathleynr@tinypic.com,4223951142,2 Vahlen Terrace,75,7,02/05/2022
Peas - Pigeon- Dry,jfiguresns@google.de,2472760855,4 Katie Road,119,8,09/07/2014
Shiratamako - Rice Flour,cdasnt@wired.com,8191024231,78 Burrows Avenue,48,1,31/05/2014
Shiratamako - Rice Flour,ggellionnu@elegantthemes.com,5234272330,329 Golf Course Alley,14,5,20/10/2023
Potatoes - Mini Red,faglionenv@ftc.gov,4613490797,7 Ilene Avenue,110,7,08/03/2015
Pectin,nnavannw@salon.com,4045675005,8977 Ridge Oak Lane,113,9,17/10/2021
Beef - Rouladin- Sliced,tornellsnx@ft.com,2159747152,956 Kingsford Plaza,69,0,25/12/2022
Pail - 4l White- With Handle,zcastellacciony@delicious.com,2159744456,07688 Tomscot Terrace,34,10,01/06/2016
Coffee - Egg Nog Capuccino,ishillitonz@yahoo.co.jp,8126639859,9774 Nevada Terrace,105,2,09/11/2023
Beer - Fruli,knoaho0@bbb.org,1711614667,3 Maple Wood Terrace,27,8,27/11/2014
Sauce - Hp,aaddeycotto1@nationalgeographic.com,6595134242,5037 Division Street,24,0,30/03/2021
Macaroons - Two Bite Choc,rbirkinshawo2@globo.com,7815594839,32647 Buhler Crossing,11,3,18/04/2016
Beer - Upper Canada Lager,mteapeo3@who.int,5831199622,73189 Express Place,30,2,29/11/2020
Tomatoes - Orange,mvaughano4@examiner.com,6453129290,0 Garrison Avenue,148,2,27/02/2015
Pails With Lids,hbraybrookeo5@scientificamerican.com,7685893205,8786 Aberg Drive,70,0,20/04/2022
Beer - Camerons Auburn,srubinsafto6@com.com,2841888359,41 Crest Line Plaza,103,2,23/02/2024
Schnappes Peppermint - Walker,mdisleeo7@china.com.cn,1528793453,141 Butterfield Lane,93,2,23/12/2015
Lid Coffeecup 12oz D9542b,gpercevalo8@blogspot.com,7896896908,123 Caliangt Crossing,139,6,13/01/2024
Chips Potato Reg 43g,hsowtero9@squidoo.com,4986795727,12 Shasta Court,112,0,14/04/2017
Iced Tea - Lemon- 340ml,rcitrineoa@uiuc.edu,5394021723,02 North Plaza,50,0,18/08/2017
Jack Daniels,lgamageob@eventbrite.com,4268779739,558 Straubel Park,6,10,01/01/2023
Papadam,jdepkaoc@wp.com,4231762621,51402 Hoffman Crossing,128,5,07/09/2023
Calvados - Boulard,mbillingeod@wikipedia.org,8844800663,0875 Eagle Crest Crossing,143,9,25/08/2017
Meldea Green Tea Liquor,ecadneyoe@mashable.com,7698585976,5626 Milwaukee Crossing,55,1,08/08/2019
Smoked Paprika,bmorfieldof@wikimedia.org,5152445750,7 Sundown Drive,58,0,08/04/2017
Bar Mix - Lemon,clarwayog@umn.edu,9363162689,094 Blaine Center,8,1,05/03/2022
Wine - Red- Antinori Santa,kmilmoreoh@paginegialle.it,2876841505,4 Barby Street,78,0,23/03/2018
Olives - Morracan Dired,dstenetoi@reddit.com,9132127127,87230 Monica Avenue,27,7,26/10/2019
Steampan - Lid For Half Size,tsiviteroj@psu.edu,6848703938,800 Forest Dale Circle,83,9,07/09/2014
Sauce - Thousand Island,eglyneok@princeton.edu,6473491382,9563 Lerdahl Junction,117,8,21/05/2015
Cleaner - Bleach,rnaileol@wp.com,7397912517,6881 Buell Court,66,10,29/05/2019
Wine - White- French Cross,arangeleyom@istockphoto.com,9459147996,290 Heath Junction,30,6,07/10/2023
Jolt Cola,mfitzsimonon@tamu.edu,9508668360,2358 Spenser Junction,4,0,07/11/2020
Longos - Grilled Chicken With,fmcmurrayoo@omniture.com,2981140182,65802 5th Crossing,36,7,17/05/2014
Veal - Leg,mrecklessop@csmonitor.com,4807109868,125 Vera Street,118,5,19/07/2018
Crackers - Graham,bpittmanoq@slideshare.net,1244387765,28 Crownhardt Hill,89,2,08/05/2019
Sprouts - Bean,wcrocumbeor@toplist.cz,8979037226,0453 Debra Pass,142,9,19/10/2016
Clam Nectar,kgrowcottos@wix.com,3962867935,33 Starling Terrace,48,9,18/10/2020
Nantucket - Orange Mango Cktl,dludmannot@ezinearticles.com,4652394389,3227 Manley Crossing,34,3,07/01/2022
Lettuce - Belgian Endive,msalatinoou@chron.com,7628165879,091 Cascade Circle,145,2,08/07/2021
Cheese - Grie Des Champ,ajindacekov@msu.edu,9452920585,488 Oriole Terrace,104,4,27/01/2019
Gin - Gilbeys London- Dry,sdivineow@salon.com,8938125997,79252 John Wall Parkway,112,8,27/01/2023
Horseradish - Prepared,ephillcoxox@mapy.cz,4297063874,013 Columbus Circle,39,0,06/09/2015
Wine - Sauvignon Blanc Oyster,lbankeoy@theatlantic.com,8563432825,0514 Gateway Center,80,5,31/08/2021
Monkfish Fresh - Skin Off,fpoundsfordoz@ezinearticles.com,8103053986,6818 Darwin Plaza,4,2,06/06/2017
Dc - Sakura Fu,aolyhanep0@google.co.uk,7141114312,06157 Hayes Plaza,35,9,19/07/2022
Bread - Pullman- Sliced,tmaylerp1@npr.org,2663075433,42 Pepper Wood Point,37,0,12/12/2020
Alize Red Passion,omcphelimyp2@mit.edu,8713032101,732 Montana Parkway,128,7,20/05/2014
Flour - Fast / Rapid,pglendzap3@dagondesign.com,1726844872,87 Prairieview Alley,89,4,08/01/2023
Roe - Lump Fish- Black,pmiliusp4@wisc.edu,7689795726,0248 Comanche Place,12,5,31/12/2014
Tea - Green,dbizzeyp5@youku.com,6153811573,30763 John Wall Park,118,7,25/01/2017
Tart - Butter Plain Squares,tstammirsp6@twitter.com,9701742946,27506 Anthes Court,35,8,29/05/2022
Bread - Corn Muffaleta Onion,sardernep7@marriott.com,2323493599,09 Eggendart Street,15,7,25/08/2015
Wine - Gato Negro Cabernet,pchristinp8@typepad.com,3292740504,0 Hoard Avenue,100,8,21/04/2020
Crackers - Soda / Saltins,bpineauxp9@shop-pro.jp,2437673329,71 Hazelcrest Terrace,123,6,11/08/2020
Muffin Mix - Blueberry,dfullagerpa@boston.com,8134544240,980 Hoffman Court,41,7,22/08/2016
Soup - Knorr- Classic Can. Chili,gdanshinpb@scribd.com,7387760544,34695 Surrey Drive,75,7,06/01/2017
Crab - Meat,jclinningpc@surveymonkey.com,2595496316,512 Duke Terrace,78,4,02/02/2023
Guava,emathanpd@cbsnews.com,2233278630,71 Summer Ridge Park,28,1,07/02/2017
Cheese - Brick With Onion,greedaype@homestead.com,9807594618,675 3rd Court,73,0,15/12/2023
Beef Wellington,ralbisserpf@princeton.edu,3468350015,2019 Bellgrove Point,26,7,07/02/2016
Garlic - Primerba- Paste,rcraykpg@usatoday.com,3148064193,74992 Kim Trail,104,6,06/12/2021
Shrimp - Tiger 21/25,speopleph@kickstarter.com,4723127017,19980 Florence Center,113,5,13/11/2016
Lamb - Loin Chops,ocarlepi@ftc.gov,7028044201,97 Lighthouse Bay Place,5,8,12/01/2018
Crab - Meat,ddelacroixpj@squarespace.com,9386065462,030 Hoepker Alley,112,2,14/09/2022
Calaloo,jdeetlefspk@edublogs.org,7932802240,18451 Clove Junction,70,6,12/03/2021
Grand Marnier,sclarkewilliamspl@ehow.com,3928841969,497 Main Point,63,6,12/09/2023
Baking Soda,jcuddepm@etsy.com,6303703235,937 Bartelt Street,8,7,30/07/2016
Wine - Casillero Del Diablo,ayosevitzpn@networkadvertising.org,4738220934,612 Crescent Oaks Avenue,34,3,10/04/2018
Garlic Powder,glintallpo@seesaa.net,4902901063,8772 Fallview Pass,87,0,14/12/2021
Veal - Tenderloin- Untrimmed,dsemkinspp@microsoft.com,8318777563,2 Pepper Wood Lane,27,0,07/10/2017
Kale - Red,shabdenpq@accuweather.com,2338062072,62 Green Ridge Hill,36,8,21/10/2016
Shrimp - Baby- Cold Water,vvanhovepr@ebay.com,3777632464,1 Manufacturers Avenue,119,7,25/09/2016
Shrimp - 21/25- Peel And Deviened,mdullardps@mediafire.com,7816429370,32 Pine View Crossing,124,6,14/10/2015
Island Oasis - Ice Cream Mix,jeaklept@addtoany.com,4373554740,78 Weeping Birch Terrace,60,7,16/07/2017
Soup - Clam Chowder- Dry Mix,chaylandpu@mail.ru,2295409537,01 Raven Trail,58,2,06/04/2017
Potatoes - Yukon Gold 5 Oz,itheyerpv@reference.com,8759265858,92779 Sloan Crossing,8,9,28/06/2018
Split Peas - Green- Dry,wdeatonpw@stanford.edu,8338812847,293 Fuller Terrace,83,6,06/04/2022
Cheese Cloth No 100,hsummerillpx@accuweather.com,8192972930,1800 Vidon Circle,139,7,19/12/2016
Pan Grease,jperduepy@free.fr,3651975877,39 Schurz Court,116,6,06/07/2017
Bread - English Muffin,fbroderickpz@ox.ac.uk,3291639890,0667 Daystar Junction,68,8,30/12/2016
Honey - Liquid,wadrainq0@github.com,5498255079,8 Aberg Drive,33,2,12/12/2014
Pasta - Fettuccine- Egg- Fresh,fsimkinq1@smh.com.au,1549621923,84665 Summerview Place,95,8,19/04/2017
Soup - Knorr- Veg / Beef,dcanadaq2@harvard.edu,4077815895,17 American Court,137,3,26/03/2015
Nut - Walnut- Chopped,ztwaitsq3@telegraph.co.uk,5827056911,391 Riverside Point,133,2,12/10/2014
Capers - Ox Eye Daisy,chasteq4@moonfruit.com,7565869167,52064 Drewry Point,120,7,08/04/2016
Ginger - Ground,vgabbatq5@foxnews.com,3195986948,13 Ohio Terrace,150,3,21/12/2023
Bread - Multigrain- Loaf,babethellq6@technorati.com,9779266720,2813 Eagan Terrace,88,7,16/10/2021
Port - 74 Brights,ltommisq7@merriam-webster.com,2339439947,79 Victoria Parkway,11,4,12/02/2020
Fennel,bhurleq8@nhs.uk,9233067904,8396 Barby Parkway,72,10,13/08/2019
Wine - Red- Cabernet Sauvignon,hmapledoramq9@webeden.co.uk,2613413778,46993 Kings Hill,97,3,22/05/2022
The Pop Shoppe - Lime Rickey,gcottrellqa@businessweek.com,3273527089,58 Straubel Alley,43,9,11/11/2020
Apricots Fresh,abartonqb@comcast.net,8611929239,5 Hanson Park,99,3,24/09/2021
Pastry - Cheese Baked Scones,mcudqc@howstuffworks.com,3156460441,271 Heffernan Court,111,9,17/09/2023
Oil - Olive Bertolli,bphelpsqd@wired.com,7158327510,6 Westport Point,68,10,08/07/2014
Soup - Campbells,yoduilleainqe@histats.com,1703955716,33 Towne Way,35,1,12/03/2016
Pepsi - 600ml,ahuskqf@tinyurl.com,2162025582,3 Mcbride Court,100,9,17/02/2017
Pastry - Choclate Baked,slapidusqg@go.com,9571678960,42 Arrowood Crossing,107,6,13/06/2020
Pineapple - Golden,acadellqh@privacy.gov.au,6931810720,200 Eastwood Drive,95,7,12/04/2014
Lobster - Tail- 3 - 4 Oz,joxborrowqi@mapy.cz,2695780101,9368 Hazelcrest Court,44,9,13/01/2021
Wine - Mas Chicet Rose- Vintage,spoagqj@unc.edu,5269299338,55 Acker Circle,143,8,23/10/2015
Bread - Malt,vmoormanqk@bluehost.com,2603163968,825 Maywood Trail,149,0,18/06/2019
Cup - 3.5oz- Foam,mjohlql@prnewswire.com,9297207229,77323 Buhler Street,110,0,09/04/2019
Pickerel - Fillets,ekingsmillqm@omniture.com,9828092220,7 Clemons Point,45,6,27/01/2024
Tea - Darjeeling- Azzura,etruderqn@miitbeian.gov.cn,4678179492,6 Miller Parkway,63,9,28/03/2022
Glass Clear 8 Oz,tragbournqo@wunderground.com,5692775236,71876 Haas Road,52,8,28/10/2015
Juice - Orange- 341 Ml,ajasparqp@sakura.ne.jp,7562744772,5454 Ludington Crossing,127,6,23/07/2017
Wine - White- Riesling- Henry Of,mhymusqq@state.tx.us,5067419485,21 Dawn Place,138,5,17/07/2015
Pickle - Dill,abeeswingqr@quantcast.com,9333069921,64 Rutledge Crossing,17,8,04/12/2022
Vacuum Bags 12x16,ncogginqs@bigcartel.com,1681757932,059 Springview Plaza,143,9,08/07/2019
Veal - Round- Eye Of,mlowthorpeqt@oaic.gov.au,6378480335,07555 Division Court,54,9,19/04/2018
Mussels - Frozen,jjoslynqu@cnn.com,5953838414,29604 West Park,44,4,25/09/2021
Peas Snow,fcoggeshallqv@phpbb.com,9363969676,92 Hanover Hill,28,1,29/11/2023
Shopper Bag - S - 4,kmavenqw@aol.com,8228215195,426 Summerview Hill,2,2,16/03/2022
Table Cloth 53x53 White,amccleodqx@gravatar.com,4765637780,74 Onsgard Street,10,6,13/12/2015
Veal - Kidney,gskoulingqy@de.vu,4526729427,72487 Briar Crest Circle,60,0,13/06/2020
Cakes Assorted,rbrightmanqz@craigslist.org,7162580856,75903 High Crossing Point,3,2,08/01/2019
Huck Towels White,jsolomonr0@springer.com,4011249001,0789 Hollow Ridge Street,127,1,19/12/2023
Turkey - Ground. Lean,iyourellr1@usgs.gov,7865873787,42 Leroy Place,76,10,26/02/2023
Wine - Lamancha Do Crianza,jflahyr2@sfgate.com,2567981208,2726 Kingsford Crossing,16,10,04/07/2016
Cookie - Oatmeal,jwehnerr3@earthlink.net,6436717862,29364 Amoth Plaza,6,4,27/01/2020
Pork - Suckling Pig,bfagencer4@hugedomains.com,6631208205,853 Prairieview Plaza,48,0,14/01/2016
Pasta - Canelloni,onobletr5@tinypic.com,6708246703,42 Service Way,52,6,14/06/2017
Worcestershire Sauce,ajirickr6@cdbaby.com,8111971565,37964 Farwell Terrace,80,1,28/05/2017
Tuna - Bluefin,ooliveyr7@umn.edu,1558872831,095 Becker Hill,128,0,05/04/2019
Chocolate Bar - Coffee Crisp,aclifftr8@jalbum.net,1611175737,99 Armistice Avenue,58,9,04/07/2023
Squid Ink,sneemr9@sphinn.com,2114212626,846 Mesta Park,2,4,18/12/2018
Water - San Pellegrino,apurbrickra@wikimedia.org,2793492906,24 Nova Hill,13,7,13/04/2022
Tomatoes,lfolcarb@latimes.com,9612951981,21 Pine View Terrace,116,8,09/07/2014
Shortbread - Cookie Crumbs,uautinrc@chicagotribune.com,8423116210,7 Raven Park,17,6,17/10/2018
Beef - Tongue- Fresh,jbuftonrd@godaddy.com,4736715652,18 Macpherson Center,117,2,21/04/2023
Dried Cranberries,blegrovere@google.nl,3606286744,9 Manitowish Crossing,7,0,25/08/2019
Longos - Lasagna Veg,hdewdneyrf@shareasale.com,6777572857,8509 Park Meadow Drive,59,5,09/02/2020
Grapes - Green,cleifrg@mlb.com,5746628821,5 Bluejay Terrace,143,1,11/03/2014
Mushroom - Enoki- Dry,hshewsmithrh@typepad.com,8087937021,9 Lerdahl Pass,107,3,17/07/2021
Muffin Hinge Container 6,mduxfieldri@blinklist.com,4579556730,8682 Packers Parkway,97,8,02/03/2024
Lamb - Leg- Boneless,vluscomberj@google.com,6039337648,7 Eagan Avenue,132,4,14/05/2018
V8 Pet,jwilliamrk@ox.ac.uk,7052482010,17160 Londonderry Trail,29,9,11/09/2018
Table Cloth 54x54 Colour,hfaggerl@imgur.com,7224461269,85961 Redwing Point,43,6,02/12/2021
Pasta - Lasagne- Fresh,kjeppensenrm@usgs.gov,7002507681,98 Golf Alley,70,0,03/10/2017
Wine - Manischewitz Concord,tnowakowskarn@cmu.edu,4808902397,9 Fremont Hill,18,4,29/12/2019
Foil Cont Round,aboarderro@ebay.com,6208623067,9 Jay Parkway,133,10,26/12/2021
Wine - White- Chardonnay,ljestecorp@mayoclinic.com,2273234181,885 Ridge Oak Center,116,8,09/03/2016
Wine - Gato Negro Cabernet,omemmoryrq@ocn.ne.jp,9046612413,749 Monterey Street,27,3,03/10/2020
Bread Ww Cluster,gtomsenrr@dell.com,4262571931,764 Lotheville Way,21,8,28/08/2016
